-- Export from db provided by MOOC.
-- Removed duplicate tables: ORDER_ARTICLE and ORDER_STATUSHISTORY
CREATE SEQUENCE PUBLIC.HIBERNATE_SEQUENCE START WITH 3;        
CREATE TABLE PUBLIC.CART(
    ID INTEGER NOT NULL,
    CREATEDON TIMESTAMP,
    CUSTOMER_ID INTEGER
);  
ALTER TABLE PUBLIC.CART ADD CONSTRAINT CONSTRAINT_1 PRIMARY KEY(ID);    
-- 0 +/- SELECT COUNT(*) FROM PUBLIC.CART;     
CREATE TABLE PUBLIC.ARTICLE_CATEGORY(
    ARTICLE_ID INTEGER NOT NULL,
    CATEGORIES_ID INTEGER NOT NULL
);            
-- 8 +/- SELECT COUNT(*) FROM PUBLIC.ARTICLE_CATEGORY;         
INSERT INTO PUBLIC.ARTICLE_CATEGORY(ARTICLE_ID, CATEGORIES_ID) VALUES
(144818, 1),
(123578, 1),
(348924, 1),
(348925, 1),
(348923, 1),
(174283, 1),
(304866, 1),
(124669, 1),
(136874, 1),
(95417, 1),
(123041, 1),
(123043, 1),
(102619, 1),
(125950, 1),
(158805, 1),
(123220, 1),
(124574, 1),
(167200, 1),
(120672, 1),
(123848, 1),
(165269, 1),
(102166, 1),
(125624, 1),
(123379, 1),
(124090, 1),
(113690, 1),
(4404, 1),
(4348, 1),
(122932, 1),
(123354, 1),
(13139, 1),
(19809, 1),
(6622, 1),
(124462, 1),
(13140, 1),
(131288, 1),
(18221, 1),
(18220, 1),
(16372, 1),
(125930, 1),
(125224, 1),
(123389, 1),
(101214, 1),
(120123, 1),
(124189, 1),
(122974, 1),
(120074, 1),
(123045, 1),
(124579, 1),
(121527, 1),
(124471, 1),
(172185, 1),
(116699, 1),
(120687, 1),
(120648, 1),
(122402, 1),
(123974, 1),
(122936, 1),
(192431, 1),
(123658, 1),
(132378, 1),
(141476, 1),
(101030, 1),
(124917, 1),
(123829, 1),
(354222, 1),
(111059, 1),
(125329, 1),
(109981, 1),
(122377, 1),
(122840, 1),
(183330, 1),
(120829, 1),
(120745, 1),
(122984, 1),
(123266, 1),
(125691, 1),
(121472, 1),
(151685, 1),
(123264, 1),
(122643, 1),
(123272, 1),
(164754, 1),
(104330, 1),
(112431, 1),
(340517, 1),
(124222, 1),
(186174, 1),
(121393, 1),
(111499, 1),
(122032, 1),
(120962, 1),
(121903, 1),
(111496, 1),
(124075, 1),
(123290, 1),
(120124, 1),
(122838, 1),
(120125, 1),
(323179, 2),
(136001, 2),
(329559, 2),
(225608, 2),
(190416, 2),
(91771, 2),
(106424, 2),
(91768, 2),
(130203, 2),
(91770, 2),
(136609, 2),
(136608, 2),
(170816, 2),
(136607, 2),
(91769, 2),
(195155, 2),
(195025, 2),
(195021, 2),
(192136, 2),
(192446, 2),
(120040, 2),
(1104, 2),
(193499, 2),
(193498, 2),
(183124, 2),
(21727, 2),
(190230, 2),
(94814, 2),
(16965, 2),
(125921, 2),
(120407, 2),
(16322, 2),
(60323, 2),
(125914, 2),
(27473, 2),
(101217, 2),
(194243, 2),
(16321, 2),
(195149, 2),
(104821, 2),
(187278, 2),
(13552, 2),
(96434, 2),
(125922, 2),
(103696, 2),
(195194, 2),
(101218, 2),
(13470, 2),
(324966, 2),
(324967, 2),
(16547, 2),
(324963, 2),
(13619, 2),
(12720, 2),
(12718, 2),
(21675, 2),
(101342, 2),
(316718, 2),
(4716, 2),
(167413, 2),
(109610, 2),
(4719, 2),
(108180, 2),
(109510, 2),
(177174, 2),
(146939, 2),
(305911, 2),
(2883, 2),
(186692, 2),
(179023, 2),
(4728, 2),
(3599, 2),
(154987, 2),
(4723, 2),
(148625, 2),
(4731, 2),
(179684, 2),
(198707, 2),
(186683, 2),
(100977, 2),
(45392, 2),
(55785, 2),
(39003, 2),
(51018, 2),
(101790, 2),
(208846, 2),
(189151, 2),
(86597, 2),
(54458, 2),
(307495, 2),
(40438, 2),
(110252, 2),
(168614, 2),
(189149, 2),
(312160, 2),
(1299, 2),
(8163, 2),
(93586, 2),
(233801, 2),
(159216, 2),
(189233, 2),
(330030, 2),
(157467, 2),
(98524, 2),
(3602, 2),
(12106, 2),
(218584, 2),
(3601, 2),
(6877, 2),
(190011, 2),
(6878, 2),
(189999, 2),
(4715, 2),
(61938, 2),
(61937, 2),
(61934, 2),
(94954, 2),
(6376, 2),
(11720, 2),
(115092, 2),
(6377, 2),
(16416, 2),
(94833, 2),
(85292, 2),
(16649, 2),
(1403, 2),
(16181, 2),
(157023, 2),
(186832, 2),
(170821, 2),
(167457, 2),
(161646, 2),
(167454, 2),
(183137, 2),
(180443, 2),
(167455, 2),
(312217, 2),
(232032, 2),
(163913, 2),
(323682, 2),
(161645, 2),
(233781, 2),
(334742, 2),
(130321, 2),
(170820, 2),
(185378, 2),
(161490, 2),
(186828, 2),
(183134, 2),
(312215, 2),
(232034, 2),
(168226, 2),
(194206, 2),
(186827, 2),
(161491, 2),
(185377, 2),
(167453, 2),
(323684, 2),
(136004, 2),
(194023, 2),
(31941, 2),
(83663, 2),
(136586, 2),
(158097, 2),
(98821, 2),
(139417, 2),
(181958, 2),
(38589, 2),
(96682, 2),
(186820, 2),
(183143, 2),
(77484, 2),
(39320, 2),
(60584, 2),
(334740, 2),
(101100, 2),
(183115, 2),
(90101, 2),
(111594, 2),
(193236, 2),
(90110, 2),
(183144, 2),
(65529, 2),
(186819, 2),
(90099, 2),
(193237, 2),
(61153, 2),
(170382, 2),
(32605, 2),
(139418, 2),
(73119, 2),
(7943, 2),
(77485, 2),
(62768, 2),
(311144, 2),
(166085, 2),
(149129, 2),
(140506, 2),
(98146, 2),
(142282, 2),
(316724, 2),
(161511, 2),
(98147, 2),
(335883, 2),
(91761, 2),
(318944, 2),
(230146, 2),
(187319, 2),
(57021, 2),
(161483, 2),
(234804, 2),
(161518, 2),
(91760, 2),
(312808, 2),
(331856, 2),
(16725, 2),
(171317, 2),
(166083, 2),
(16848, 2),
(35332, 2),
(10244, 2),
(319020, 2),
(5607, 2),
(154645, 2),
(331857, 2),
(144577, 2),
(183099, 2),
(161496, 2),
(8196, 2),
(4754, 2),
(74070, 2),
(84519, 2),
(154653, 2),
(114153, 2),
(10263, 2),
(95096, 2),
(10259, 2),
(171316, 2),
(16724, 2),
(171318, 2),
(57210, 2),
(1834, 2),
(157015, 2),
(168112, 2),
(5596, 2),
(16960, 2),
(161495, 2),
(167797, 2),
(16970, 2),
(312302, 2),
(16019, 2),
(183288, 2),
(5910, 2),
(16422, 2),
(128455, 2),
(148008, 2),
(16018, 2),
(4487, 2),
(106196, 2),
(116652, 2),
(311997, 2),
(1756, 2),
(12157, 2),
(142310, 2),
(12153, 2),
(2973, 2),
(128452, 2),
(8789, 2),
(233808, 2),
(105402, 2),
(17016, 2),
(87274, 2),
(16953, 2),
(17006, 2),
(100999, 2),
(310277, 2),
(146509, 2),
(125917, 2),
(54942, 2),
(59925, 2),
(8913, 2),
(43448, 2),
(12160, 2),
(8221, 2),
(98748, 2),
(8210, 2),
(16798, 2),
(2823, 2),
(166355, 2),
(73837, 2),
(71982, 2),
(233084, 2),
(151801, 2),
(183119, 2),
(16381, 2),
(100020, 2),
(10017, 2),
(1823, 2),
(9323, 2),
(103694, 2),
(331745, 2),
(92620, 2),
(7304, 2),
(228623, 2),
(104817, 2),
(32768, 2),
(6456, 2),
(232063, 2),
(23199, 2),
(6614, 2),
(165808, 2),
(9324, 2),
(173840, 2),
(7297, 2),
(173758, 2),
(142368, 2),
(1287, 2),
(7303, 2),
(331743, 2),
(120048, 2),
(12870, 2),
(16448, 2),
(331747, 2),
(92573, 2),
(329558, 2),
(190231, 2),
(72153, 2),
(331742, 2),
(12866, 2),
(6616, 2),
(1507, 2),
(331739, 2),
(104824, 2),
(331738, 2),
(161517, 2),
(341357, 2),
(187325, 2),
(187331, 2),
(187326, 2),
(187469, 2),
(142007, 2),
(27698, 2),
(60500, 2),
(187256, 2),
(142366, 2),
(77482, 2),
(8063, 2),
(175093, 2),
(132994, 2),
(104816, 2),
(136587, 2),
(165691, 2),
(13561, 2),
(325379, 2),
(7305, 2),
(92621, 2),
(115315, 2),
(167597, 2),
(87246, 2),
(171819, 2),
(160258, 2),
(7302, 2),
(2994, 2),
(323761, 2),
(316717, 2),
(132997, 2),
(186480, 2),
(323759, 2),
(187878, 2),
(234787, 2),
(131522, 2),
(92676, 2),
(104830, 2),
(87253, 2),
(167599, 2),
(78735, 2),
(142365, 2),
(187280, 2),
(131513, 2),
(61183, 2),
(62916, 2),
(7298, 2),
(13563, 2),
(171864, 2),
(104829, 2),
(171949, 2),
(120736, 2),
(193636, 2),
(5921, 2),
(69306, 2),
(10261, 2),
(113153, 2),
(16917, 2),
(5715, 2),
(155217, 2),
(320512, 2),
(101211, 2),
(106427, 2),
(166298, 3),
(171970, 3),
(191822, 3),
(330080, 3),
(191821, 3),
(5258, 3),
(166283, 3),
(180758, 3),
(91670, 3),
(183387, 3),
(24930, 3),
(330077, 3),
(192225, 3),
(192243, 3),
(342521, 3),
(116172, 3),
(14132, 3),
(21715, 3),
(14137, 3),
(14280, 3),
(14284, 3),
(9062, 3),
(142761, 3),
(35928, 3),
(153846, 3),
(192512, 3),
(13015, 3),
(342518, 3),
(16301, 3),
(13025, 3),
(95192, 3),
(100355, 3),
(194452, 3),
(13024, 3),
(112546, 3),
(58780, 3),
(342517, 3),
(16601, 3),
(170808, 3),
(83040, 3),
(13032, 3),
(58781, 3),
(342520, 3),
(112545, 3),
(129687, 3),
(129688, 3),
(73328, 3),
(116171, 3),
(7691, 3),
(1622, 3),
(116173, 3),
(16906, 3),
(7689, 3),
(237258, 3),
(180548, 3),
(183427, 3),
(184201, 3),
(153017, 3),
(180426, 3),
(141241, 3),
(144957, 3),
(145571, 3),
(47794, 3),
(11587, 3),
(145449, 3),
(183310, 3),
(192517, 3),
(10454, 3),
(36027, 3),
(105085, 3),
(16843, 3),
(7882, 3),
(1712, 3),
(10385, 3),
(88640, 3),
(41786, 3),
(2897, 3),
(155276, 3),
(183383, 3),
(65955, 3),
(58980, 3),
(325338, 3),
(116801, 3),
(211179, 3),
(5191, 3),
(16613, 3),
(182046, 3),
(333887, 3),
(176280, 3),
(172611, 3),
(241471, 3),
(316069, 3),
(332248, 3),
(316610, 3),
(316611, 3),
(316070, 3),
(99822, 3),
(153777, 3),
(328859, 3),
(316608, 3),
(316071, 3),
(317675, 4),
(317375, 4),
(317701, 4),
(317639, 4),
(317519, 4),
(317596, 4),
(317678, 4),
(101440, 4),
(317597, 4),
(317380, 4),
(317520, 4),
(318137, 4),
(158046, 4),
(317381, 4),
(317700, 4),
(317636, 4),
(101442, 4),
(317815, 4),
(317363, 4),
(317676, 4),
(101441, 4),
(317362, 4),
(317651, 4),
(317648, 4),
(317374, 4),
(317598, 4),
(317383, 4),
(317382, 4),
(317637, 4),
(317677, 4),
(346868, 4),
(317595, 4),
(317703, 4),
(317373, 4),
(317649, 4),
(317650, 4),
(317599, 4),
(297081, 4),
(317361, 4),
(317376, 4),
(317702, 4),
(317638, 4),
(101439, 4),
(317521, 4),
(294902, 4),
(63826, 4),
(318078, 4),
(317359, 4),
(317593, 4),
(11195, 4),
(317592, 4),
(106465, 4),
(318077, 4),
(317358, 4),
(317628, 4),
(152042, 4),
(317630, 4),
(317629, 4),
(292763, 4),
(317590, 4),
(317501, 4),
(317503, 4),
(317591, 4),
(317360, 4),
(317962, 4),
(317640, 4),
(317669, 4),
(317864, 4),
(317751, 4),
(317756, 4),
(318190, 4),
(346872, 4),
(317752, 4),
(317791, 4),
(318073, 4),
(318213, 4),
(317789, 4),
(318191, 4),
(346876, 4),
(317755, 4),
(317785, 4),
(317409, 4),
(318072, 4),
(11196, 4),
(317758, 4),
(317786, 4),
(346870, 4),
(317790, 4),
(296586, 4),
(317410, 4),
(318214, 4),
(317754, 4),
(346874, 4),
(327348, 5),
(327353, 5),
(327352, 5),
(327347, 5),
(327367, 5),
(327351, 5),
(327350, 5),
(327349, 5),
(339968, 5),
(327794, 5),
(327791, 5),
(339967, 5),
(327792, 5),
(327778, 5),
(327799, 5),
(339969, 5),
(327800, 5),
(327795, 5),
(327803, 5),
(327793, 5),
(339966, 5),
(327802, 5),
(327796, 5),
(327798, 5),
(327797, 5),
(327788, 5),
(327783, 5),
(327780, 5),
(188644, 5),
(327789, 5),
(339948, 5),
(327785, 5),
(327786, 5),
(327782, 5),
(327790, 5),
(327820, 5),
(327835, 5),
(327808, 5),
(327811, 5),
(327824, 5),
(327830, 5),
(327818, 5),
(327815, 5),
(327834, 5),
(327823, 5),
(327807, 5),
(327817, 5),
(327814, 5),
(327806, 5),
(327822, 5),
(327810, 5),
(327833, 5),
(327837, 5),
(327816, 5),
(327809, 5),
(327813, 5),
(327805, 5),
(327828, 5),
(327836, 5),
(327832, 5),
(327821, 5),
(327831, 5),
(327819, 5),
(339743, 5),
(326116, 5),
(339676, 5),
(339666, 5),
(326100, 5),
(339665, 5),
(326121, 5),
(339662, 5),
(326114, 5),
(326119, 5),
(326099, 5),
(339673, 5),
(339677, 5);
CREATE TABLE PUBLIC.CUSTOMER(
    ID INTEGER NOT NULL,
    EMAIL VARCHAR(255),
    FIRSTNAME VARCHAR(255),
    LASTNAME VARCHAR(255),
    PASSWORD VARCHAR(255),
    ACTIVECART_ID INTEGER,
    LOGIN VARCHAR(255)
);   
ALTER TABLE PUBLIC.CUSTOMER ADD CONSTRAINT CONSTRAINT_5 PRIMARY KEY(ID);
-- 0 +/- SELECT COUNT(*) FROM PUBLIC.CUSTOMER; 
CREATE TABLE PUBLIC.CART_ARTICLE(
    CART_ID INTEGER NOT NULL,
    ARTICLES_ID INTEGER NOT NULL
);     
-- 0 +/- SELECT COUNT(*) FROM PUBLIC.CART_ARTICLE;             
CREATE TABLE PUBLIC.CATEGORY(
    ID INTEGER NOT NULL,
    NAME VARCHAR(255),
    ORDERIDX INTEGER NOT NULL
);          
ALTER TABLE PUBLIC.CATEGORY ADD CONSTRAINT CONSTRAINT_3 PRIMARY KEY(ID);
-- 5 +/- SELECT COUNT(*) FROM PUBLIC.CATEGORY; 
INSERT INTO PUBLIC.CATEGORY(ID, NAME, ORDERIDX) VALUES
(1, 'Marché', 2),
(2, 'Boissons', 1),
(3, 'Maison', 3),
(4, 'Papeterie & fournitures', 5),
(5, 'Petit électro & multimédia', 4);             
CREATE TABLE PUBLIC.ORDERS(
    ID INTEGER NOT NULL,
    AMOUNT INTEGER NOT NULL,
    CREATEDON TIMESTAMP,
    CURRENTSTATUS INTEGER,
    DELIVERYDATE TIMESTAMP,
    CUSTOMER_ID INTEGER
);            
ALTER TABLE PUBLIC.ORDERS ADD CONSTRAINT CONSTRAINT_8 PRIMARY KEY(ID);  
-- 0 +/- SELECT COUNT(*) FROM PUBLIC.ORDERS;   
CREATE TABLE PUBLIC.STATUSHISTORY(
    ID INTEGER NOT NULL,
    STATUS INTEGER,
    STATUSDATE TIMESTAMP
);             
ALTER TABLE PUBLIC.STATUSHISTORY ADD CONSTRAINT CONSTRAINT_1B PRIMARY KEY(ID);          
-- 0 +/- SELECT COUNT(*) FROM PUBLIC.STATUSHISTORY;            
CREATE TABLE PUBLIC.ORDERS_ARTICLE(
    ORDER_ID INTEGER NOT NULL,
    ARTICLES_ID INTEGER NOT NULL
);  
-- 0 +/- SELECT COUNT(*) FROM PUBLIC.ORDERS_ARTICLE;           
CREATE TABLE PUBLIC.ORDERS_STATUSHISTORY(
    ORDER_ID INTEGER NOT NULL,
    HISTORY_ID INTEGER NOT NULL
);             
-- 0 +/- SELECT COUNT(*) FROM PUBLIC.ORDERS_STATUSHISTORY;     
CREATE TABLE PUBLIC.ARTICLE(
    DTYPE VARCHAR(31) NOT NULL,
    ID INTEGER NOT NULL,
    EAN VARCHAR(13),
    NAME VARCHAR(255),
    PRICE INTEGER NOT NULL,
    VAT REAL NOT NULL,
    BESTBEFORE DATE,
    LOT VARCHAR(255),
    IMG VARCHAR(255)
);          
ALTER TABLE PUBLIC.ARTICLE ADD CONSTRAINT CONSTRAINT_F PRIMARY KEY(ID); 
-- 767 +/- SELECT COUNT(*) FROM PUBLIC.ARTICLE;
INSERT INTO PUBLIC.ARTICLE(DTYPE, ID, EAN, NAME, PRICE, VAT, BESTBEFORE, LOT, IMG) VALUES
('Perishable', 144818, '4411595949371', 'Chou Kale bio', 199, 0.2, DATE '2018-01-04', '48.19', '/img/PM/P/0/18/0P_144818.gif'),
('Perishable', 123578, '4458060714712', 'Chou romanesco pièce', 269, 0.2, DATE '2018-02-02', '48.19', '/img/PM/P/0/78/0P_123578.gif'),
('Perishable', 348924, '4593733829351', 'Potage de légumes verts bio', 366, 0.2, DATE '2018-05-04', '48.19', '/img/PM/P/0/24/0P_348924.gif'),
('Perishable', 348925, '4282547291472', 'Potage de carottes et panais bio', 359, 0.2, DATE '2017-12-01', '48.19', '/img/PM/P/0/25/0P_348925.gif'),
('Perishable', 348923, '4782153860112', 'Potage de tomates bio', 359, 0.2, DATE '2017-12-06', '48.19', '/img/PM/P/0/23/0P_348923.gif'),
('Perishable', 174283, '4577063984264', 'Velouté de Potirons et Carottes', 309, 0.2, DATE '2018-03-03', '48.19', '/img/PM/P/0/83/0P_174283.gif'),
('Perishable', 304866, '4979388689927', 'Carottes de Tilques Cat 1', 239, 0.2, DATE '2018-02-01', '48.19', '/img/PM/P/0/66/0P_304866.gif'),
('Perishable', 124669, '4775923470577', 'Courgette ronde bio', 199, 0.2, DATE '2018-04-01', '48.19', '/img/PM/P/0/69/0P_124669.gif'),
('Perishable', 136874, '4961802969955', 'Soupe fraîche Velouté de légumes', 279, 0.2, DATE '2017-12-01', '48.19', '/img/PM/P/0/74/0P_136874.gif'),
('Perishable', 95417, '4882368311709', 'Dattes Ravier', 179, 0.2, DATE '2018-04-06', '48.19', '/img/PM/P/0/17/0P_95417.gif'),
('Perishable', 123041, '4149480024527', 'A dessert - Orange Navelina bio Cat 2', 249, 0.2, DATE '2018-03-07', '48.19', '/img/PM/P/0/41/0P_123041.gif'),
('Perishable', 123043, '4135279110724', 'Clémentine bio Cat 2', 279, 0.2, DATE '2018-05-02', '48.19', '/img/PM/P/0/43/0P_123043.gif'),
('Perishable', 102619, '4324021592522', 'Kiwi vert bio Cat 2', 299, 0.2, DATE '2018-05-04', '48.19', '/img/PM/P/0/19/0P_102619.gif'),
('Perishable', 125950, '4418136993390', 'Poire bio variété Guyot Cat 2', 269, 0.2, DATE '2018-02-06', '48.19', '/img/PM/P/0/50/0P_125950.gif'),
('Perishable', 158805, '4595305224672', 'Pomme golden bio Cat 2', 299, 0.2, DATE '2018-02-03', '48.19', '/img/PM/P/0/05/0P_158805.gif'),
('Perishable', 123220, '4491985395246', 'Pomme Juliet bio Cat 2', 299, 0.2, DATE '2018-03-03', '48.19', '/img/PM/P/0/20/0P_123220.gif'),
('Perishable', 124574, '4542753991060', 'Pomme bicolore bio Cat 2', 299, 0.2, DATE '2018-04-01', '48.19', '/img/PM/P/0/74/0P_124574.gif'),
('Perishable', 167200, '4274654318734', 'Pomme Jazz Cat 1', 199, 0.2, DATE '2018-01-04', '48.19', '/img/PM/P/0/00/0P_167200.gif'),
('Perishable', 120672, '4468541848864', 'Raisin Muscat Cat 1', 399, 0.2, DATE '2018-01-02', '48.19', '/img/PM/P/0/72/0P_120672.gif'),
('Perishable', 123848, '4905283801008', 'Celeri rave pièce', 129, 0.2, DATE '2018-05-04', '48.19', '/img/PM/P/0/48/0P_123848.gif'),
('Perishable', 165269, '4733359425256', 'Panier de Légumes bio', 799, 0.2, DATE '2018-02-03', '48.19', '/img/PM/P/0/69/0P_165269.gif'),
('Perishable', 102166, '4316020009922', 'Carotte bio Cat 2', 199, 0.2, DATE '2017-12-03', '48.19', '/img/PM/P/0/66/0P_102166.gif'),
('Perishable', 125624, '4204301131925', 'Choux de Bruxelles Cat 1', 129, 0.2, DATE '2018-05-06', '48.19', '/img/PM/P/0/24/0P_125624.gif'),
('Perishable', 123379, '4868342898710', 'Chou chinois pièce', 129, 0.2, DATE '2018-01-07', '48.19', '/img/PM/P/0/79/0P_123379.gif'),
('Perishable', 124090, '4621342870108', 'Chou vert frisé pièce', 129, 0.2, DATE '2017-12-02', '48.19', '/img/PM/P/0/90/0P_124090.gif'),
('Perishable', 113690, '4163696797468', 'Chou blanc pièce', 129, 0.2, DATE '2018-01-05', '48.19', '/img/PM/P/0/90/0P_113690.gif'),
('Perishable', 4404, '4354886641557', 'Brocoli', 99, 0.2, DATE '2018-01-05', '48.19', '/img/PM/P/0/04/0P_4404.gif'),
('Perishable', 4348, '4507270288692', 'Chou rouge pièce', 129, 0.2, DATE '2018-04-04', '48.19', '/img/PM/P/0/48/0P_4348.gif');               
INSERT INTO PUBLIC.ARTICLE(DTYPE, ID, EAN, NAME, PRICE, VAT, BESTBEFORE, LOT, IMG) VALUES
('Perishable', 122932, '4417668460745', '2 Poivron bio rouge, vert ou jaune Cat 2', 249, 0.2, DATE '2018-03-05', '48.19', '/img/PM/P/0/32/0P_122932.gif'),
('Perishable', 123354, '4825163908643', 'Tomates cerise bio Cat 2', 215, 0.2, DATE '2018-01-05', '48.19', '/img/PM/P/0/54/0P_123354.gif'),
('Perishable', 13139, '4448234658503', 'Kiwi  vert Cat 1', 220, 0.2, DATE '2018-01-04', '48.19', '/img/PM/P/0/40/0P_122840.gif'),
('Perishable', 19809, '4003195282048', 'Pomme Pink lady pièce cat 1', 420, 0.2, DATE '2018-05-07', '48.19', '/img/PM/P/0/43/0P_122643.gif'),
('Perishable', 6622, '4313760907961', 'Navet', 229, 0.2, DATE '2018-03-04', '48.19', '/img/PM/P/0/22/0P_6622.gif'),
('Perishable', 124462, '4400787730574', 'Endive pleine terre', 239, 0.2, DATE '2018-04-07', '48.19', '/img/PM/P/0/62/0P_124462.gif'),
('Perishable', 13140, '4119160778694', 'Tomate ronde charnue à farcir', 276, 0.2, DATE '2018-02-05', '48.19', '/img/PM/P/0/49/0P_122649.gif'),
('Perishable', 131288, '4890605993402', 'Pruneaux d''Agen entiers géants', 509, 0.2, DATE '2018-04-04', '48.19', '/img/PM/P/0/88/0P_131288.gif'),
('Perishable', 18221, '4665179541376', 'Pur jus d''orange pressée bio', 570, 0.2, DATE '2017-12-05', '48.19', '/img/PM/P/0/24/0P_85224.gif'),
('Perishable', 18220, '4931612800364', 'Pur jus de Pomme bio', 446, 0.2, DATE '2018-03-01', '48.19', '/img/PM/P/0/25/0P_85225.gif'),
('Perishable', 16372, '4140532461215', 'Petits pois bio', 392, 0.2, DATE '2018-01-02', '48.19', '/img/PM/P/0/88/0P_135488.gif'),
('Perishable', 125930, '4352263169598', 'Clémentine à déguster', 479, 0.2, DATE '2017-12-03', '48.19', '/img/PM/P/0/30/0P_125930.gif'),
('Perishable', 125224, '4199843566974', 'Clémentine Feuilles', 329, 0.2, DATE '2018-03-01', '48.19', '/img/PM/P/0/24/0P_125224.gif'),
('Perishable', 123389, '4647746151994', 'A Jus - Orange Valencia Late Cat 1', 599, 0.2, DATE '2018-01-07', '48.19', '/img/PM/P/0/89/0P_123389.gif'),
('Perishable', 101214, '4597677351182', 'A dessert - Orange Navelina Cat 1', 449, 0.2, DATE '2018-01-05', '48.19', '/img/PM/P/0/14/0P_101214.gif'),
('Perishable', 120123, '4198528476907', 'Pomelo Cat 1 pièce', 90, 0.2, DATE '2018-03-07', '48.19', '/img/PM/P/0/23/0P_120123.gif'),
('Perishable', 124189, '4348664723417', 'Clementine à déguster', 319, 0.2, DATE '2018-02-03', '48.19', '/img/PM/P/0/89/0P_124189.gif'),
('Perishable', 122974, '4874106628062', 'Citron Eureka Cat 1', 65, 0.2, DATE '2018-04-07', '48.19', '/img/PM/P/0/74/0P_122974.gif'),
('Perishable', 120074, '4150802148797', 'Citron Primofiori Cat 1', 319, 0.2, DATE '2018-02-03', '48.19', '/img/PM/P/0/74/0P_120074.gif'),
('Perishable', 123045, '4342694581914', 'Citron bio variété Primofiori Cat 2', 269, 0.2, DATE '2018-01-03', '48.19', '/img/PM/P/0/45/0P_123045.gif'),
('Perishable', 124579, '4444591850864', 'Citrons non traités - variété Primofiori - Cat 1', 189, 0.2, DATE '2018-03-07', '48.19', '/img/PM/P/0/79/0P_124579.gif'),
('Perishable', 121527, '4547580465376', 'A déguster - Clémentine à deguster Cat 1', 349, 0.2, DATE '2017-12-01', '48.19', '/img/PM/P/0/27/0P_121527.gif'),
('Perishable', 124471, '4823342873521', 'Pomelo géant de Chine pièce', 219, 0.2, DATE '2018-04-04', '48.19', '/img/PM/P/0/71/0P_124471.gif'),
('Perishable', 172185, '4111564051274', 'Citron vert pièce Cat 1', 55, 0.2, DATE '2018-05-01', '48.19', '/img/PM/P/0/85/0P_172185.gif'),
('Perishable', 116699, '4528515702126', 'Orange navel late cat 1', 399, 0.2, DATE '2018-01-03', '48.19', '/img/PM/P/0/99/0P_116699.gif'),
('Perishable', 120687, '4370549512004', 'Lime - Citron vert Cat 1', 249, 0.2, DATE '2017-12-06', '48.19', '/img/PM/P/0/87/0P_120687.gif'),
('Perishable', 120648, '4634006423870', 'Banane Cavendisch Cat 1', 129, 0.2, DATE '2017-12-07', '48.19', '/img/PM/P/0/48/0P_120648.gif');  
INSERT INTO PUBLIC.ARTICLE(DTYPE, ID, EAN, NAME, PRICE, VAT, BESTBEFORE, LOT, IMG) VALUES
('Perishable', 122402, '4958131769999', 'Banane Cavendisch Cat 1', 199, 0.2, DATE '2017-12-07', '48.19', '/img/PM/P/0/02/0P_122402.gif'),
('Perishable', 123974, '4085169396598', 'Banane Cat 1', 129, 0.2, DATE '2017-12-06', '48.19', '/img/PM/P/0/74/0P_123974.gif'),
('Perishable', 122936, '4997389472652', 'Banane bio variété Cavendisch Cat 2', 179, 0.2, DATE '2018-03-03', '48.19', '/img/PM/P/0/36/0P_122936.gif'),
('Perishable', 192431, '4902030281186', 'Banane Cavendisch Cat 1', 199, 0.2, DATE '2018-04-04', '48.19', '/img/PM/P/0/31/0P_192431.gif'),
('Perishable', 123658, '4415689264703', 'Marrons', 599, 0.2, DATE '2018-04-06', '48.19', '/img/PM/P/0/58/0P_123658.gif'),
('Perishable', 132378, '4294108665475', 'Mangue Osteen pièce', 199, 0.2, DATE '2018-02-05', '48.19', '/img/PM/P/0/78/0P_132378.gif'),
('Perishable', 141476, '4604006747281', 'Gingembre bio', 149, 0.2, DATE '2018-05-07', '48.19', '/img/PM/P/0/76/0P_141476.gif'),
('Perishable', 101030, '4991809761100', 'Ananas extra doux', 219, 0.2, DATE '2018-02-05', '48.19', '/img/PM/P/0/30/0P_101030.gif'),
('Perishable', 124917, '4089188190333', 'Kaki bio', 249, 0.2, DATE '2018-02-01', '48.19', '/img/PM/P/0/17/0P_124917.gif'),
('Perishable', 123829, '4118259584852', 'Grenade pièce', 79, 0.2, DATE '2018-03-05', '48.19', '/img/PM/P/0/29/0P_123829.gif'),
('Perishable', 354222, '4697027568703', 'Mangue bio Osteen', 299, 0.2, DATE '2018-01-01', '48.19', '/img/PM/P/0/22/0P_354222.gif'),
('Perishable', 111059, '4383831764703', 'Noix de coco pièce', 169, 0.2, DATE '2018-04-02', '48.19', '/img/PM/P/0/59/0P_111059.gif'),
('Perishable', 125329, '4400347936529', 'Fruit de la passion pièce', 60, 0.2, DATE '2018-02-03', '48.19', '/img/PM/P/0/29/0P_125329.gif'),
('Perishable', 109981, '4092458942948', 'Ananas Queen Victoria', 399, 0.2, DATE '2018-02-05', '48.19', '/img/PM/P/0/81/0P_109981.gif'),
('Perishable', 122377, '4305829749810', 'Framboise', 249, 0.2, DATE '2018-02-05', '48.19', '/img/PM/P/0/77/0P_122377.gif'),
('Perishable', 122840, '4993769400188', 'Kiwi  vert Cat 1', 55, 0.2, DATE '2018-01-05', '48.19', '/img/PM/P/0/40/0P_122840.gif'),
('Perishable', 183330, '4333488036914', 'Kiwi jaune bio Cat 1', 319, 0.2, DATE '2018-04-07', '48.19', '/img/PM/P/0/30/0P_183330.gif'),
('Perishable', 120829, '4434483493886', 'Poire Conférence ou guyot Cat 2', 139, 0.2, DATE '2018-03-06', '48.19', '/img/PM/P/0/29/0P_120829.gif'),
('Perishable', 120745, '4075304134516', 'Poire Conference Cat 1', 259, 0.2, DATE '2018-05-04', '48.19', '/img/PM/P/0/45/0P_120745.gif'),
('Perishable', 122984, '4999146932736', 'Poire Guyot ou Williams pièce Cat 1', 49, 0.2, DATE '2018-04-06', '48.19', '/img/PM/P/0/84/0P_122984.gif'),
('Perishable', 123266, '4510071941137', 'Pomme Gala Cat 1', 249, 0.2, DATE '2017-12-05', '48.19', '/img/PM/P/0/66/0P_123266.gif'),
('Perishable', 125691, '4990920798391', 'Pomme Reinette Cat 1', 249, 0.2, DATE '2018-01-03', '48.19', '/img/PM/P/0/91/0P_125691.gif'),
('Perishable', 121472, '4868898389666', 'Pomme Golden Cat 2', 249, 0.2, DATE '2018-04-02', '48.19', '/img/PM/P/0/72/0P_121472.gif'),
('Perishable', 151685, '4388044571777', 'Pink Lady - Pomme Pinkids Cat 1', 349, 0.2, DATE '2017-12-04', '48.19', '/img/PM/P/0/85/0P_151685.gif'),
('Perishable', 123264, '4947064604736', 'Pomme Red, Gala, Granny Cat 1', 249, 0.2, DATE '2017-12-06', '48.19', '/img/PM/P/0/64/0P_123264.gif'),
('Perishable', 122643, '4763723799398', 'Pomme Pink lady pièce cat 1', 70, 0.2, DATE '2018-04-04', '48.19', '/img/PM/P/0/43/0P_122643.gif'),
('Perishable', 123272, '4610152699833', 'Pomme granny Cat 1', 219, 0.2, DATE '2017-11-03', '48.19', '/img/PM/P/0/72/0P_123272.gif'),
('Perishable', 164754, '4452975891472', 'Pommes Golden Cat 1', 209, 0.2, DATE '2018-03-01', '48.19', '/img/PM/P/0/54/0P_164754.gif'),
('Perishable', 104330, '4352065598818', 'Raisin Blanc Italia cat 1', 329, 0.2, DATE '2018-04-07', '48.19', '/img/PM/P/0/30/0P_104330.gif');            
INSERT INTO PUBLIC.ARTICLE(DTYPE, ID, EAN, NAME, PRICE, VAT, BESTBEFORE, LOT, IMG) VALUES
('Perishable', 112431, '4975959529834', 'Raisin blanc Italia bio Cat 2', 349, 0.2, DATE '2018-02-01', '48.19', '/img/PM/P/0/31/0P_112431.gif'),
('Perishable', 340517, '4052450682966', 'raisin blanc sans pépin Rik &amp; Rok - Cat 1', 219, 0.2, DATE '2017-12-04', '48.19', '/img/PM/P/0/17/0P_340517.gif'),
('Perishable', 124222, '4149937529074', 'Raisin Chasselas  Cat 1', 449, 0.2, DATE '2018-04-02', '48.19', '/img/PM/P/0/22/0P_124222.gif'),
('Perishable', 186174, '4525269701874', 'Raisin noir Prima Cat 1', 319, 0.2, DATE '2017-12-05', '48.19', '/img/PM/P/0/74/0P_186174.gif'),
('Perishable', 121393, '4170731215544', 'Raisin Blanc variété Ideal cat 1', 289, 0.2, DATE '2017-11-04', '48.19', '/img/PM/P/0/93/0P_121393.gif'),
('Perishable', 111499, '4642305663901', 'Ail blanc', 199, 0.2, DATE '2017-12-06', '48.19', '/img/PM/P/0/99/0P_111499.gif'),
('Perishable', 122032, '4116726235982', 'Oignon jaune sélection', 179, 0.2, DATE '2018-04-03', '48.19', '/img/PM/P/0/32/0P_122032.gif'),
('Perishable', 120962, '4430863087490', 'Echalote bio semi longue traditionelle', 149, 0.2, DATE '2018-04-06', '48.19', '/img/PM/P/0/62/0P_120962.gif'),
('Perishable', 121903, '4110912757642', 'Oignon blanc botte', 159, 0.2, DATE '2018-03-04', '48.19', '/img/PM/P/0/03/0P_121903.gif'),
('Perishable', 111496, '4281183766914', 'Oignons rouges', 189, 0.2, DATE '2017-12-07', '48.19', '/img/PM/P/0/96/0P_111496.gif'),
('Perishable', 124075, '4114409988693', 'Ail blanc', 149, 0.2, DATE '2018-02-01', '48.19', '/img/PM/P/0/75/0P_124075.gif'),
('Perishable', 123290, '4622552967603', 'Echalote ronde traditionelle', 119, 0.2, DATE '2017-12-03', '48.19', '/img/PM/P/0/90/0P_123290.gif'),
('Perishable', 120124, '4385659268458', 'Echalote longue traditionnelle', 89, 0.2, DATE '2018-02-07', '48.19', '/img/PM/P/0/24/0P_120124.gif'),
('Perishable', 122838, '4616611176694', 'Oignon blanc', 199, 0.2, DATE '2018-01-02', '48.19', '/img/PM/P/0/38/0P_122838.gif'),
('Perishable', 120125, '4055252273152', 'Oignon jaune', 89, 0.2, DATE '2018-05-05', '48.19', '/img/PM/P/0/25/0P_120125.gif'),
('Perishable', 323179, '4510751392712', 'Lait demi-écrémé stérilisé UHT', 594, 0.2, DATE '2018-03-06', '54.53', '/img/PM/P/0/79/0P_323179.gif'),
('Perishable', 136001, '4140019122053', 'Lait demi-écrémé bio', 799, 0.2, DATE '2018-04-02', '54.53', '/img/PM/P/0/01/0P_136001.gif'),
('Perishable', 329559, '4907562535280', 'Thé vert Passion d''été', 338, 0.2, DATE '2018-01-05', '54.53', '/img/PM/P/0/59/0P_329559.gif'),
('Perishable', 225608, '4513665867355', 'Eau minérale naturelle', 356, 0.2, DATE '2017-12-05', '54.53', '/img/PM/P/0/08/0P_225608.gif'),
('Perishable', 190416, '4821838337704', 'Lait de chèvre demi-écrémé', 762, 0.2, DATE '2018-03-07', '54.53', '/img/PM/P/0/16/0P_190416.gif'),
('Perishable', 91771, '4537105790862', 'Espresso Forza - Capsule de Café en aluminium', 309, 0.2, DATE '2018-04-02', '54.53', '/img/PM/P/0/71/0P_91771.gif'),
('Perishable', 106424, '4274073492492', 'Espresso Sontuoso - Capsule de Café en aluminium', 309, 0.2, DATE '2018-03-05', '54.53', '/img/PM/P/0/24/0P_106424.gif'),
('Perishable', 91768, '4152985946096', 'Espresso Decaffeinato - Capsule de Café en aluminium', 309, 0.2, DATE '2018-04-05', '54.53', '/img/PM/P/0/68/0P_91768.gif'),
('Perishable', 130203, '4684570186056', 'Espresso Or Rose - Capsule de Café en aluminium', 329, 0.2, DATE '2018-01-05', '54.53', '/img/PM/P/0/03/0P_130203.gif'),
('Perishable', 91770, '4592868295550', 'Espresso Splendente - Capsule de Café en aluminium', 309, 0.2, DATE '2018-04-02', '54.53', '/img/PM/P/0/70/0P_91770.gif'),
('Perishable', 136609, '4026863159825', 'Espresso Lungo Elegante - Capsule de Café en aluminium', 329, 0.2, DATE '2018-03-06', '54.53', '/img/PM/P/0/09/0P_136609.gif'); 
INSERT INTO PUBLIC.ARTICLE(DTYPE, ID, EAN, NAME, PRICE, VAT, BESTBEFORE, LOT, IMG) VALUES
('Perishable', 136608, '4521984731745', 'Espresso Lungo Profondo - Capsule de Café en aluminium', 329, 0.2, DATE '2018-04-04', '54.53', '/img/PM/P/0/08/0P_136608.gif'),
('Perishable', 170816, '4878465505738', 'Espresso Lungo Mattinata - Capsule de Café en aluminium', 329, 0.2, DATE '2018-04-02', '54.53', '/img/PM/P/0/16/0P_170816.gif'),
('Perishable', 136607, '4110421204083', 'Espresso Supremo - Capsule de Café en aluminium', 309, 0.2, DATE '2017-12-01', '54.53', '/img/PM/P/0/07/0P_136607.gif'),
('Perishable', 91769, '4165614702934', 'Espresso Delizioso - Capsule de Café en aluminium', 309, 0.2, DATE '2018-02-02', '54.53', '/img/PM/P/0/69/0P_91769.gif'),
('Perishable', 195155, '4047933801109', 'L''Or Espresso - Dosettes de Café Delizioso', 475, 0.2, DATE '2017-12-07', '54.53', '/img/PM/P/0/55/0P_195155.gif'),
('Perishable', 195025, '4899290846916', 'L''Or Espresso - Dosettes de café Decaffeinato', 449, 0.2, DATE '2018-01-06', '54.53', '/img/PM/P/0/25/0P_195025.gif'),
('Perishable', 195021, '4519519501549', 'L''Or Espresso - Dosettes de Café Splendente', 475, 0.2, DATE '2018-05-06', '54.53', '/img/PM/P/0/21/0P_195021.gif'),
('Perishable', 192136, '4778939157995', 'Café pur Arabica Ethiopie bio', 262, 0.2, DATE '2017-11-02', '54.53', '/img/PM/P/0/36/0P_192136.gif'),
('Perishable', 192446, '4940493295549', 'Café pur Arabica Guatemala bio', 286, 0.2, DATE '2018-01-07', '54.53', '/img/PM/P/0/46/0P_192446.gif'),
('Perishable', 120040, '4111820001630', 'Café moulu 100% Arabica bio', 287, 0.2, DATE '2018-04-03', '54.53', '/img/PM/P/0/40/0P_120040.gif'),
('Perishable', 1104, '4519209285930', 'Café moulu', 345, 0.2, DATE '2018-02-01', '54.53', '/img/PM/P/0/04/0P_1104.gif'),
('Perishable', 193499, '4961033785829', 'Café Arabica Mexique bio', 266, 0.2, DATE '2018-03-02', '54.53', '/img/PM/P/0/99/0P_193499.gif'),
('Perishable', 193498, '4978982841211', 'Café Arabica Pérou bio', 273, 0.2, DATE '2018-01-06', '54.53', '/img/PM/P/0/98/0P_193498.gif'),
('Perishable', 183124, '4611231465967', 'L''Or - Café en grains Perle du Brésil', 799, 0.2, DATE '2018-02-01', '54.53', '/img/PM/P/0/24/0P_183124.gif'),
('Perishable', 21727, '4588391742767', 'L''Or - Café en grains Perle du Brésil', 1039, 0.2, DATE '2018-03-07', '54.53', '/img/PM/P/0/24/0P_183124.gif'),
('Perishable', 190230, '4654410282954', 'Thé vert aromatisé à la Menthe', 245, 0.2, DATE '2018-02-01', '54.53', '/img/PM/P/0/30/0P_190230.gif'),
('Perishable', 94814, '4627231666820', 'Coffret de thés parfumés', 505, 0.2, DATE '2018-04-01', '54.53', '/img/PM/P/0/14/0P_94814.gif'),
('Perishable', 16965, '4219470527040', 'Yellow Label - Thé nature', 379, 0.2, DATE '2017-12-04', '54.53', '/img/PM/P/0/65/0P_16965.gif'),
('Perishable', 125921, '4762819307375', 'Thé Vert Earl Grey à la Bergamote bio', 253, 0.2, DATE '2018-04-01', '54.53', '/img/PM/P/0/21/0P_125921.gif'),
('Perishable', 120407, '4282679551882', 'Thé noir du Sri-Lanka aux épices bio', 253, 0.2, DATE '2018-03-04', '54.53', '/img/PM/P/0/07/0P_120407.gif'),
('Perishable', 16322, '4755798714258', 'Tchaé - Thé vert Orient', 132, 0.2, DATE '2017-12-07', '54.53', '/img/PM/P/0/22/0P_16322.gif'),
('Perishable', 60323, '4693120881469', 'Marrakech Mint - Thé vert', 185, 0.2, DATE '2018-02-01', '54.53', '/img/PM/P/0/23/0P_60323.gif'),
('Perishable', 125914, '4647929700706', 'Thé Citron vert et Gingembre bio', 253, 0.2, DATE '2018-04-04', '54.53', '/img/PM/P/0/14/0P_125914.gif'),
('Perishable', 27473, '4425271992141', 'Sachets pyramide - Thé vert menthe intense', 155, 0.2, DATE '2017-12-03', '54.53', '/img/PM/P/0/73/0P_27473.gif');           
INSERT INTO PUBLIC.ARTICLE(DTYPE, ID, EAN, NAME, PRICE, VAT, BESTBEFORE, LOT, IMG) VALUES
('Perishable', 101217, '4588310254452', 'Thé Russian Earl Grey', 185, 0.2, DATE '2018-01-05', '54.53', '/img/PM/P/0/17/0P_101217.gif'),
('Perishable', 194243, '4467470621840', 'Thé Yellow noir', 315, 0.2, DATE '2017-12-06', '54.53', '/img/PM/P/0/43/0P_194243.gif'),
('Perishable', 16321, '4915394148676', 'Tchaé - Thé vert d''Asie à la menthe', 185, 0.2, DATE '2017-12-03', '54.53', '/img/PM/P/0/21/0P_16321.gif'),
('Perishable', 195149, '4811313237352', 'Thé noir aromatisé Lady Lipton', 279, 0.2, DATE '2018-05-01', '54.53', '/img/PM/P/0/49/0P_195149.gif'),
('Perishable', 104821, '4711421899810', 'Orange Jaïpur', 195, 0.2, DATE '2018-01-02', '54.53', '/img/PM/P/0/21/0P_104821.gif'),
('Perishable', 187278, '4513343367741', 'Thé vert', 245, 0.2, DATE '2018-05-04', '54.53', '/img/PM/P/0/78/0P_187278.gif'),
('Perishable', 13552, '4790334628861', 'Sachets pyramide - Thé 5 fruits rouges', 149, 0.2, DATE '2018-05-03', '54.53', '/img/PM/P/0/52/0P_13552.gif'),
('Perishable', 96434, '4461806301598', 'Thé vert', 215, 0.2, DATE '2017-12-06', '54.53', '/img/PM/P/0/34/0P_96434.gif'),
('Perishable', 125922, '4135401640991', 'Thé Rooibos Caramel bio', 253, 0.2, DATE '2018-02-01', '54.53', '/img/PM/P/0/22/0P_125922.gif'),
('Perishable', 103696, '4976311086758', 'Sachets pyramide - Thé agrumes', 175, 0.2, DATE '2018-02-02', '54.53', '/img/PM/P/0/96/0P_103696.gif'),
('Perishable', 195194, '4739695479187', 'Exclusive Or - Thé noir de Ceylan', 279, 0.2, DATE '2018-01-02', '54.53', '/img/PM/P/0/94/0P_195194.gif'),
('Perishable', 101218, '4980330207032', 'Thé Russian Earl Grey en vrac', 525, 0.2, DATE '2018-01-05', '54.53', '/img/PM/P/0/18/0P_101218.gif'),
('Perishable', 13470, '4294055361191', 'Thé Orange Jaïpur en vrac', 549, 0.2, DATE '2018-04-03', '54.53', '/img/PM/P/0/70/0P_13470.gif'),
('Perishable', 324966, '4185299007782', 'Infusion Verveine et Menthe bio', 171, 0.2, DATE '2017-12-07', '54.53', '/img/PM/P/0/66/0P_324966.gif'),
('Perishable', 324967, '4098378062179', 'Infusion Détox bio', 171, 0.2, DATE '2018-03-01', '54.53', '/img/PM/P/0/67/0P_324967.gif'),
('Perishable', 16547, '4720112155246', 'Saveurs du soir - Infusion grand sud', 90, 0.2, DATE '2017-11-04', '54.53', '/img/PM/P/0/47/0P_16547.gif'),
('Perishable', 324963, '4100755695845', 'Infusion Relax bio', 171, 0.2, DATE '2017-12-06', '54.53', '/img/PM/P/0/63/0P_324963.gif'),
('Perishable', 13619, '4051652123039', 'Sachets pyramide - Infusions menthe et épices', 118, 0.2, DATE '2017-12-06', '54.53', '/img/PM/P/0/19/0P_13619.gif'),
('Perishable', 12720, '4033471816940', 'Eau minérale naturelle', 398, 0.2, DATE '2018-04-01', '54.53', '/img/PM/P/0/66/0P_1766.gif'),
('Perishable', 12718, '4766814753956', 'Eau minérale naturelle', 458, 0.2, DATE '2018-03-05', '54.53', '/img/PM/P/0/10/0P_101710.gif'),
('Perishable', 21675, '4830024699025', 'Eau minérale naturelle', 578, 0.2, DATE '2018-04-02', '54.53', '/img/PM/P/0/64/0P_315564.gif'),
('Perishable', 101342, '4161602536315', 'Mexique - Café moulu pur Arabica', 305, 0.2, DATE '2018-03-02', '54.53', '/img/PM/P/0/42/0P_101342.gif'),
('Perishable', 316718, '4161048382893', 'Nesquik - Chocolat en poudre goût Noisette', 369, 0.2, DATE '2018-05-03', '54.53', '/img/PM/P/0/18/0P_316718.gif'),
('Perishable', 4716, '4485829500513', 'Lait demi-écrémé UHT', 519, 0.2, DATE '2018-05-06', '54.53', '/img/PM/P/0/16/0P_4716.gif'),
('Perishable', 167413, '4643016058437', 'Lait demi-écrémé stérilisé UHT', 429, 0.2, DATE '2018-04-01', '54.53', '/img/PM/P/0/13/0P_167413.gif'),
('Perishable', 109610, '4170505857140', 'Lait bio demi-écrémé UHT', 569, 0.2, DATE '2018-01-03', '54.53', '/img/PM/P/0/10/0P_109610.gif');              
INSERT INTO PUBLIC.ARTICLE(DTYPE, ID, EAN, NAME, PRICE, VAT, BESTBEFORE, LOT, IMG) VALUES
('Perishable', 4719, '4270096512997', 'Lait bio demi-écrémé UHT', 719, 0.2, DATE '2018-04-07', '54.53', '/img/PM/P/0/19/0P_4719.gif'),
('Perishable', 108180, '4950745757783', 'Lait demi écrémé UHT', 409, 0.2, DATE '2018-02-06', '54.53', '/img/PM/P/0/80/0P_108180.gif'),
('Perishable', 109510, '4050893644523', 'Lait bio demi-écrémé', 95, 0.2, DATE '2018-05-01', '54.53', '/img/PM/P/0/10/0P_109510.gif'),
('Perishable', 177174, '4986851209385', 'Lait bio demi-écrémé UHT', 429, 0.2, DATE '2018-05-04', '54.53', '/img/PM/P/0/74/0P_177174.gif'),
('Perishable', 146939, '4665789327215', 'Lait bio demi-écrémé', 479, 0.2, DATE '2017-11-04', '54.53', '/img/PM/P/0/39/0P_146939.gif'),
('Perishable', 305911, '4747316898097', 'Lait demi-écrémé UHT', 469, 0.2, DATE '2018-01-07', '54.53', '/img/PM/P/0/11/0P_305911.gif'),
('Perishable', 2883, '4573473908812', 'Viva - Lait Vitaminé UHT', 345, 0.2, DATE '2018-05-01', '54.53', '/img/PM/P/0/83/0P_2883.gif'),
('Perishable', 186692, '4342928390945', 'GrandLait - Lait bio demi-écrémé', 779, 0.2, DATE '2018-05-04', '54.53', '/img/PM/P/0/92/0P_186692.gif'),
('Perishable', 179023, '4118196740639', 'Lait demi-écrémé UHT', 369, 0.2, DATE '2018-05-07', '54.53', '/img/PM/P/0/23/0P_179023.gif'),
('Perishable', 4728, '4221512811715', 'Viva - Lait Vitaminé UHT', 599, 0.2, DATE '2018-03-02', '54.53', '/img/PM/P/0/28/0P_4728.gif'),
('Perishable', 3599, '4351797351875', 'Lait demi-écrémé UHT', 82, 0.2, DATE '2018-02-06', '54.53', '/img/PM/P/0/99/0P_3599.gif'),
('Perishable', 154987, '4128473776646', 'Lait demi-écrémé', 539, 0.2, DATE '2017-12-01', '54.53', '/img/PM/P/0/87/0P_154987.gif'),
('Perishable', 4723, '4852096948515', 'Lait demi-écrémé UHT', 489, 0.2, DATE '2018-02-03', '54.53', '/img/PM/P/0/23/0P_4723.gif'),
('Perishable', 148625, '4376637977297', 'Lait demi-écrémé UHT', 499, 0.2, DATE '2018-04-05', '54.53', '/img/PM/P/0/25/0P_148625.gif'),
('Perishable', 4731, '4962317820477', 'Viva - Lait Vitaminé UHT', 549, 0.2, DATE '2018-05-02', '54.53', '/img/PM/P/0/31/0P_4731.gif'),
('Perishable', 179684, '4112021136515', 'GrandLait - Lait demi-écrémé', 539, 0.2, DATE '2017-11-01', '54.53', '/img/PM/P/0/84/0P_179684.gif'),
('Perishable', 198707, '4424623552123', 'Matin léger - Lait bio sans lactose', 749, 0.2, DATE '2018-04-04', '54.53', '/img/PM/P/0/07/0P_198707.gif'),
('Perishable', 186683, '4349800330925', 'Grandlait - Lait demi-écrémé sans lactose', 849, 0.2, DATE '2018-02-02', '54.53', '/img/PM/P/0/83/0P_186683.gif'),
('Perishable', 100977, '4133529657197', 'Matin léger - Lait sans lactose', 819, 0.2, DATE '2018-01-04', '54.53', '/img/PM/P/0/77/0P_100977.gif'),
('Perishable', 45392, '4811254417150', 'Matin Léger - Lait écrémé sans lactose', 869, 0.2, DATE '2018-01-03', '54.53', '/img/PM/P/0/92/0P_45392.gif'),
('Perishable', 55785, '4243082806761', 'Matin Léger - Lait sans lactose', 549, 0.2, DATE '2018-03-05', '54.53', '/img/PM/P/0/85/0P_55785.gif'),
('Perishable', 39003, '4956814541283', 'Lait écrémé UHT', 589, 0.2, DATE '2017-12-03', '54.53', '/img/PM/P/0/03/0P_39003.gif'),
('Perishable', 51018, '4496155148135', 'Lait bio écrémé UHT', 719, 0.2, DATE '2018-01-04', '54.53', '/img/PM/P/0/18/0P_51018.gif'),
('Perishable', 101790, '4480983207332', 'Lait écrémé UHT', 499, 0.2, DATE '2017-11-03', '54.53', '/img/PM/P/0/90/0P_101790.gif'),
('Perishable', 208846, '4838225211182', 'Boisson à la Noix de Coco', 235, 0.2, DATE '2017-11-05', '54.53', '/img/PM/P/0/46/0P_208846.gif');           
INSERT INTO PUBLIC.ARTICLE(DTYPE, ID, EAN, NAME, PRICE, VAT, BESTBEFORE, LOT, IMG) VALUES
('Perishable', 189151, '4080367330850', 'Boisson à la noisette', 235, 0.2, DATE '2017-12-03', '54.53', '/img/PM/P/0/51/0P_189151.gif'),
('Perishable', 86597, '4467188754445', 'Boisson à la Noisette', 295, 0.2, DATE '2017-12-03', '54.53', '/img/PM/P/0/97/0P_86597.gif'),
('Perishable', 54458, '4265515969497', 'Boisson soja saveur Chocolat UHT', 129, 0.2, DATE '2017-12-04', '54.53', '/img/PM/P/0/58/0P_54458.gif'),
('Perishable', 307495, '4673747116199', 'Boisson à l''Amande et au Chocolat', 355, 0.2, DATE '2018-03-07', '54.53', '/img/PM/P/0/95/0P_307495.gif'),
('Perishable', 40438, '4683448888469', 'Boisson soja saveur Vanille UHT', 115, 0.2, DATE '2018-05-05', '54.53', '/img/PM/P/0/38/0P_40438.gif'),
('Perishable', 110252, '4711534013247', 'Boisson aux amandes UHT', 275, 0.2, DATE '2018-04-04', '54.53', '/img/PM/P/0/52/0P_110252.gif'),
('Perishable', 168614, '4977786579738', 'Boisson aux amandes', 275, 0.2, DATE '2018-03-01', '54.53', '/img/PM/P/0/14/0P_168614.gif'),
('Perishable', 189149, '4998627584735', 'Boisson aux amandes', 235, 0.2, DATE '2018-02-01', '54.53', '/img/PM/P/0/49/0P_189149.gif'),
('Perishable', 312160, '4182150309882', 'Boisson au soja UHT', 114, 0.2, DATE '2018-03-01', '54.53', '/img/PM/P/0/60/0P_312160.gif'),
('Perishable', 1299, '4139396113337', 'Boisson à base de Soja Nature UHT', 145, 0.2, DATE '2018-05-03', '54.53', '/img/PM/P/0/99/0P_1299.gif'),
('Perishable', 8163, '4157219799741', 'Boisson à base de Soja UHT', 155, 0.2, DATE '2017-12-02', '54.53', '/img/PM/P/0/63/0P_8163.gif'),
('Perishable', 93586, '4329296371033', 'Boisson au riz Nature UHT', 140, 0.2, DATE '2018-03-03', '54.53', '/img/PM/P/0/86/0P_93586.gif'),
('Perishable', 233801, '4053307482865', 'Boisson à base de soja au Chocolat', 249, 0.2, DATE '2018-03-02', '54.53', '/img/PM/P/0/01/0P_233801.gif'),
('Perishable', 159216, '4762857121013', 'Boisson à l''Avoine UHT', 140, 0.2, DATE '2018-02-04', '54.53', '/img/PM/P/0/16/0P_159216.gif'),
('Perishable', 189233, '4588108288234', 'Calcium - Boisson nature à l''Avoine', 245, 0.2, DATE '2017-12-07', '54.53', '/img/PM/P/0/33/0P_189233.gif'),
('Perishable', 330030, '4129213252074', 'Matin léger - Café au lait', 205, 0.2, DATE '2017-11-04', '54.53', '/img/PM/P/0/30/0P_330030.gif'),
('Perishable', 157467, '4101878073901', 'Max - Lait arômatisé au  chocolat UHT', 175, 0.2, DATE '2018-02-04', '54.53', '/img/PM/P/0/67/0P_157467.gif'),
('Perishable', 98524, '4785277962747', 'Candy''Up - Lait arômatisé à la Vanille UHT', 215, 0.2, DATE '2018-01-03', '54.53', '/img/PM/P/0/24/0P_98524.gif'),
('Perishable', 3602, '4738948298056', 'Candy''Up - Lait arômatisé à la Fraise UHT', 215, 0.2, DATE '2018-01-06', '54.53', '/img/PM/P/0/02/0P_3602.gif'),
('Perishable', 12106, '4269847952548', 'Lait aromatisé au Cacao', 465, 0.2, DATE '2018-04-01', '54.53', '/img/PM/P/0/06/0P_12106.gif'),
('Perishable', 218584, '4447193267586', 'Candy''Up - Lait arômatisé au Chocolat UHT', 859, 0.2, DATE '2018-02-03', '54.53', '/img/PM/P/0/84/0P_218584.gif'),
('Perishable', 3601, '4476641550014', 'Candy''Up - Lait arômatisé au Chocolat UHT', 215, 0.2, DATE '2017-12-01', '54.53', '/img/PM/P/0/01/0P_3601.gif'),
('Perishable', 6877, '4108551117938', 'Lait entier UHT', 107, 0.2, DATE '2018-01-04', '54.53', '/img/PM/P/0/77/0P_6877.gif'),
('Perishable', 190011, '4188703491588', 'Lait bio entier', 679, 0.2, DATE '2018-01-02', '54.53', '/img/PM/P/0/11/0P_190011.gif'),
('Perishable', 6878, '4399861642930', 'Lait entier UHT', 639, 0.2, DATE '2018-03-01', '54.53', '/img/PM/P/0/78/0P_6878.gif'),
('Perishable', 189999, '4719946547705', 'Lait bio entier UHT', 839, 0.2, DATE '2018-04-07', '54.53', '/img/PM/P/0/99/0P_189999.gif'),
('Perishable', 4715, '4432207206936', 'Lait entier UHT', 735, 0.2, DATE '2018-02-06', '54.53', '/img/PM/P/0/15/0P_4715.gif');              
INSERT INTO PUBLIC.ARTICLE(DTYPE, ID, EAN, NAME, PRICE, VAT, BESTBEFORE, LOT, IMG) VALUES
('Perishable', 61938, '4691068678581', 'Lait frais pasteurisé demi-écrémé', 129, 0.2, DATE '2018-04-03', '54.53', '/img/PM/P/0/38/0P_61938.gif'),
('Perishable', 61937, '4272175461403', 'Lait frais pasteurisé entier', 139, 0.2, DATE '2018-03-07', '54.53', '/img/PM/P/0/37/0P_61937.gif'),
('Perishable', 61934, '4081291238639', 'Lait frais bio demi-écrémé', 169, 0.2, DATE '2018-01-06', '54.53', '/img/PM/P/0/34/0P_61934.gif'),
('Perishable', 94954, '4413219983760', 'Lait concentré sucré', 107, 0.2, DATE '2017-12-05', '54.53', '/img/PM/P/0/54/0P_94954.gif'),
('Perishable', 6376, '4598027456799', 'Elea - Lait écrémé en poudre', 168, 0.2, DATE '2018-02-03', '54.53', '/img/PM/P/0/76/0P_6376.gif'),
('Perishable', 11720, '4227281758810', 'Nuage de lait - Lait concentré non sucré', 59, 0.2, DATE '2018-04-06', '54.53', '/img/PM/P/0/20/0P_11720.gif'),
('Perishable', 115092, '4124561040832', 'Lait concentré sucré', 189, 0.2, DATE '2018-04-02', '54.53', '/img/PM/P/0/92/0P_115092.gif'),
('Perishable', 6377, '4722015328313', 'Elea - Lait écrémé en poudre', 419, 0.2, DATE '2017-12-06', '54.53', '/img/PM/P/0/77/0P_6377.gif'),
('Perishable', 16416, '4347099725960', 'Lait concentré sucré', 145, 0.2, DATE '2018-04-04', '54.53', '/img/PM/P/0/16/0P_16416.gif'),
('Perishable', 94833, '4674706377297', 'Lait entier en poudre', 245, 0.2, DATE '2018-03-01', '54.53', '/img/PM/P/0/33/0P_94833.gif'),
('Perishable', 85292, '4418087999060', 'Lait concentré sucré', 126, 0.2, DATE '2018-03-03', '54.53', '/img/PM/P/0/92/0P_85292.gif'),
('Perishable', 16649, '4105280256636', 'Lait concentré entier non sucré', 319, 0.2, DATE '2018-01-01', '54.53', '/img/PM/P/0/49/0P_16649.gif'),
('Perishable', 1403, '4571092123768', 'Lait demi-écrémé en poudre', 185, 0.2, DATE '2018-01-03', '54.53', '/img/PM/P/0/03/0P_1403.gif'),
('Perishable', 16181, '4986970372876', 'Lait concentré demi-écrémé non sucré', 329, 0.2, DATE '2018-01-02', '54.53', '/img/PM/P/0/81/0P_16181.gif'),
('Perishable', 157023, '4350781101329', 'Lait concentré sucré', 209, 0.2, DATE '2018-03-01', '54.53', '/img/PM/P/0/23/0P_157023.gif'),
('Perishable', 186832, '4838943573018', 'Capsules de Café Délicat biodégradables', 349, 0.2, DATE '2018-04-05', '54.53', '/img/PM/P/0/32/0P_186832.gif'),
('Perishable', 170821, '4720647309113', 'Espresso Papouasie - Capsule de Café en aluminium', 345, 0.2, DATE '2018-01-02', '54.53', '/img/PM/P/0/21/0P_170821.gif'),
('Perishable', 167457, '4819623505245', 'Capsules de Café Décafeinato', 234, 0.2, DATE '2018-03-05', '54.53', '/img/PM/P/0/57/0P_167457.gif'),
('Perishable', 161646, '4788837573504', 'Capsules de Café Espresso Décaféiné', 299, 0.2, DATE '2018-02-01', '54.53', '/img/PM/P/0/46/0P_161646.gif'),
('Perishable', 167454, '4005342171795', 'Capsules de Café Lungo', 234, 0.2, DATE '2018-03-06', '54.53', '/img/PM/P/0/54/0P_167454.gif'),
('Perishable', 183137, '4362716903265', 'N°13 - Capsules de Café Espresso', 299, 0.2, DATE '2018-04-02', '54.53', '/img/PM/P/0/37/0P_183137.gif'),
('Perishable', 180443, '4457607173028', 'Capsules de Café Fortissimo', 234, 0.2, DATE '2018-04-04', '54.53', '/img/PM/P/0/43/0P_180443.gif'),
('Perishable', 167455, '4219728944518', 'Capsules de Café Classico', 234, 0.2, DATE '2018-01-01', '54.53', '/img/PM/P/0/55/0P_167455.gif'),
('Perishable', 312217, '4715291316789', 'Capsules de Café Colombia', 379, 0.2, DATE '2018-01-03', '54.53', '/img/PM/P/0/17/0P_312217.gif'),
('Perishable', 232032, '4981283163760', 'Capsules de Café Ristretto', 295, 0.2, DATE '2018-03-07', '54.53', '/img/PM/P/0/32/0P_232032.gif');  
INSERT INTO PUBLIC.ARTICLE(DTYPE, ID, EAN, NAME, PRICE, VAT, BESTBEFORE, LOT, IMG) VALUES
('Perishable', 163913, '4071597775855', 'Capsules de Café grand cru d''Afrique', 329, 0.2, DATE '2018-01-02', '54.53', '/img/PM/P/0/13/0P_163913.gif'),
('Perishable', 323682, '4870336020740', 'Capsules de Café Blonde Roast', 379, 0.2, DATE '2018-05-05', '54.53', '/img/PM/P/0/82/0P_323682.gif'),
('Perishable', 161645, '4236159850060', 'N°10 - Capsules de Café Espresso', 299, 0.2, DATE '2018-03-07', '54.53', '/img/PM/P/0/45/0P_161645.gif'),
('Perishable', 233781, '4829610320640', 'Espresso - Capsules de Café Lungo', 315, 0.2, DATE '2018-05-04', '54.53', '/img/PM/P/0/81/0P_233781.gif'),
('Perishable', 334742, '4880396413348', 'Capsules de Café Inde', 315, 0.2, DATE '2018-02-04', '54.53', '/img/PM/P/0/42/0P_334742.gif'),
('Perishable', 130321, '4979536719406', 'Or Jaune - Capsule de Café en aluminium', 329, 0.2, DATE '2018-03-04', '54.53', '/img/PM/P/0/21/0P_130321.gif'),
('Perishable', 170820, '4624242613276', 'L''Or Espresso - Capsule de Café Colombie', 345, 0.2, DATE '2018-05-02', '54.53', '/img/PM/P/0/20/0P_170820.gif'),
('Perishable', 185378, '4459580028720', 'Capsules de Café Asie', 234, 0.2, DATE '2017-12-05', '54.53', '/img/PM/P/0/78/0P_185378.gif'),
('Perishable', 161490, '4266510091601', 'N°7 - Capsules de Café pur Arabica', 299, 0.2, DATE '2018-04-05', '54.53', '/img/PM/P/0/90/0P_161490.gif'),
('Perishable', 186828, '4602079331237', 'Capsules de Café Déca biodégradables', 365, 0.2, DATE '2018-05-04', '54.53', '/img/PM/P/0/28/0P_186828.gif'),
('Perishable', 183134, '4873400966164', 'Cuba - Capsules de Café Cuba', 329, 0.2, DATE '2018-05-04', '54.53', '/img/PM/P/0/34/0P_183134.gif'),
('Perishable', 312215, '4818677492073', 'Capsules de Café Espresso Roast', 379, 0.2, DATE '2018-03-02', '54.53', '/img/PM/P/0/15/0P_312215.gif'),
('Perishable', 232034, '4435047756178', 'Capsules de Café Lungo', 295, 0.2, DATE '2018-01-03', '54.53', '/img/PM/P/0/34/0P_232034.gif'),
('Perishable', 168226, '4025906142600', 'N°11 - Capsules de Café pur Arabica', 299, 0.2, DATE '2018-01-04', '54.53', '/img/PM/P/0/26/0P_168226.gif'),
('Perishable', 194206, '4409198665229', 'Capsules de Café Espresso Colombie', 315, 0.2, DATE '2018-01-04', '54.53', '/img/PM/P/0/06/0P_194206.gif'),
('Perishable', 186827, '4390537170524', 'Café moulu en capsules - Capsules de Café Corsé biodégradables', 349, 0.2, DATE '2018-03-01', '54.53', '/img/PM/P/0/27/0P_186827.gif'),
('Perishable', 161491, '4740045410049', 'N°9 - Capsules de Café Espresso Intense', 299, 0.2, DATE '2018-01-01', '54.53', '/img/PM/P/0/91/0P_161491.gif'),
('Perishable', 185377, '4977653537854', 'Capsules de Café Amérique du Sud', 234, 0.2, DATE '2018-04-04', '54.53', '/img/PM/P/0/77/0P_185377.gif'),
('Perishable', 167453, '4272779269839', 'Capsules de Café Expresso', 234, 0.2, DATE '2018-01-03', '54.53', '/img/PM/P/0/53/0P_167453.gif'),
('Perishable', 323684, '4673512267848', 'Capsules de Café Lungo', 379, 0.2, DATE '2018-03-07', '54.53', '/img/PM/P/0/84/0P_323684.gif'),
('Perishable', 136004, '4130264253549', 'Senseo - Dosettes de Café doux Extra long', 455, 0.2, DATE '2018-04-04', '54.53', '/img/PM/P/0/04/0P_136004.gif'),
('Perishable', 194023, '4411860704379', 'Dosettes de Café Colombia', 499, 0.2, DATE '2018-04-06', '54.53', '/img/PM/P/0/23/0P_194023.gif'),
('Perishable', 31941, '4559717298732', 'Dosettes de café Corsé', 399, 0.2, DATE '2018-04-02', '54.53', '/img/PM/P/0/41/0P_31941.gif'),
('Perishable', 83663, '4424793488235', 'Dosettes de café décaféiné', 316, 0.2, DATE '2017-12-04', '54.53', '/img/PM/P/0/63/0P_83663.gif');     
INSERT INTO PUBLIC.ARTICLE(DTYPE, ID, EAN, NAME, PRICE, VAT, BESTBEFORE, LOT, IMG) VALUES
('Perishable', 136586, '4309923894604', 'Dosettes de café Ethiopie', 223, 0.2, DATE '2018-05-02', '54.53', '/img/PM/P/0/86/0P_136586.gif'),
('Perishable', 158097, '4703674218388', 'Dosettes de Café doux', 519, 0.2, DATE '2018-02-04', '54.53', '/img/PM/P/0/97/0P_158097.gif'),
('Perishable', 98821, '4386643311477', 'Expresso - Dosettes de café', 379, 0.2, DATE '2018-03-05', '54.53', '/img/PM/P/0/21/0P_98821.gif'),
('Perishable', 139417, '4183277498246', 'Maison du café - Dosettes de café classique', 519, 0.2, DATE '2018-03-05', '54.53', '/img/PM/P/0/17/0P_139417.gif'),
('Perishable', 181958, '4220037720213', 'Caffé Del Bar - Dosettes de Café', 429, 0.2, DATE '2018-03-07', '54.53', '/img/PM/P/0/58/0P_181958.gif'),
('Perishable', 38589, '4147610284094', 'Dosettes de café', 365, 0.2, DATE '2018-01-06', '54.53', '/img/PM/P/0/89/0P_38589.gif'),
('Perishable', 96682, '4803649861616', 'Café corsé en dosettes', 365, 0.2, DATE '2018-02-02', '54.53', '/img/PM/P/0/82/0P_96682.gif'),
('Perishable', 186820, '4078094027220', 'Café corsé en dosettes', 397, 0.2, DATE '2018-04-07', '54.53', '/img/PM/P/0/20/0P_186820.gif'),
('Perishable', 183143, '4732338285095', 'Noir Ultime - Dosettes de Café Arabica', 499, 0.2, DATE '2018-02-01', '54.53', '/img/PM/P/0/43/0P_183143.gif'),
('Perishable', 77484, '4136319402432', 'Dosettes de café classique', 325, 0.2, DATE '2018-02-04', '54.53', '/img/PM/P/0/84/0P_77484.gif'),
('Perishable', 39320, '4503598293309', 'Matin généreux - Café classique pour un réveil tonique', 369, 0.2, DATE '2018-03-04', '54.53', '/img/PM/P/0/20/0P_39320.gif'),
('Perishable', 60584, '4656159851628', 'Dosette décaféiné', 429, 0.2, DATE '2017-12-03', '54.53', '/img/PM/P/0/84/0P_60584.gif'),
('Perishable', 334740, '4450585869579', 'Dosettes de café Espresso N°8', 609, 0.2, DATE '2018-02-05', '54.53', '/img/PM/P/0/40/0P_334740.gif'),
('Perishable', 101100, '4011743143905', 'Maison du Café - Dosettes de café corsé', 225, 0.2, DATE '2018-01-06', '54.53', '/img/PM/P/0/00/0P_101100.gif'),
('Perishable', 183115, '4493305739284', 'Brazil - Café moulu Arabica en dosettes', 499, 0.2, DATE '2018-03-05', '54.53', '/img/PM/P/0/15/0P_183115.gif'),
('Perishable', 90101, '4913267879255', 'Expresso en dosettes', 183, 0.2, DATE '2018-01-07', '54.53', '/img/PM/P/0/01/0P_90101.gif'),
('Perishable', 111594, '4988694075299', 'Doses de café issu des petits producteurs', 259, 0.2, DATE '2018-03-01', '54.53', '/img/PM/P/0/94/0P_111594.gif'),
('Perishable', 193236, '4805409463930', 'Dosettes de Café Expresso', 465, 0.2, DATE '2018-04-04', '54.53', '/img/PM/P/0/36/0P_193236.gif'),
('Perishable', 90110, '4848946648363', '1851 - Dosettes grand arabica', 389, 0.2, DATE '2018-04-03', '54.53', '/img/PM/P/0/10/0P_90110.gif'),
('Perishable', 183144, '4242134304761', 'Noir Exquis - Dosettes de Café Arabica intense', 499, 0.2, DATE '2018-02-02', '54.53', '/img/PM/P/0/44/0P_183144.gif'),
('Perishable', 65529, '4249094157831', 'Dosette pur Arabica La Grande Réserve', 259, 0.2, DATE '2018-04-06', '54.53', '/img/PM/P/0/29/0P_65529.gif'),
('Perishable', 186819, '4377279709064', 'Café classique en dosettes', 397, 0.2, DATE '2018-04-06', '54.53', '/img/PM/P/0/19/0P_186819.gif'),
('Perishable', 90099, '4363806439564', 'Café en dosettes', 295, 0.2, DATE '2018-03-04', '54.53', '/img/PM/P/0/99/0P_90099.gif'),
('Perishable', 193237, '4730594653527', 'Maxi dosettes de café Extra long classique', 419, 0.2, DATE '2018-01-07', '54.53', '/img/PM/P/0/37/0P_193237.gif'),
('Perishable', 61153, '4965366827894', 'Dosettes doux', 429, 0.2, DATE '2018-03-02', '54.53', '/img/PM/P/0/53/0P_61153.gif');          
INSERT INTO PUBLIC.ARTICLE(DTYPE, ID, EAN, NAME, PRICE, VAT, BESTBEFORE, LOT, IMG) VALUES
('Perishable', 170382, '4755363815405', 'Senseo - Dosettes de Café Cappuccino', 235, 0.2, DATE '2018-04-05', '54.53', '/img/PM/P/0/82/0P_170382.gif'),
('Perishable', 32605, '4196075085310', 'Maison du Café - Dosettes de café Classique', 399, 0.2, DATE '2018-01-01', '54.53', '/img/PM/P/0/05/0P_32605.gif'),
('Perishable', 139418, '4192355806433', 'Maison du café - Dosettes de café corsé', 519, 0.2, DATE '2018-05-07', '54.53', '/img/PM/P/0/18/0P_139418.gif'),
('Perishable', 73119, '4628509617127', 'Maison du Café - Dosettes de café extra corsé', 399, 0.2, DATE '2018-02-04', '54.53', '/img/PM/P/0/19/0P_73119.gif'),
('Perishable', 7943, '4637128049434', 'Dosettes de café Classique', 225, 0.2, DATE '2018-02-05', '54.53', '/img/PM/P/0/43/0P_7943.gif'),
('Perishable', 77485, '4720969274494', 'Café en dosettes souples', 325, 0.2, DATE '2018-01-05', '54.53', '/img/PM/P/0/85/0P_77485.gif'),
('Perishable', 62768, '4385887348735', 'Dosettes corsé', 369, 0.2, DATE '2018-05-05', '54.53', '/img/PM/P/0/68/0P_62768.gif'),
('Perishable', 311144, '4676053519416', 'Grand Mère - Dosettes Petit-déj''', 335, 0.2, DATE '2018-04-07', '54.53', '/img/PM/P/0/44/0P_311144.gif'),
('Perishable', 166085, '4104983395883', 'Carte noire - Dosettes de Café long classic', 589, 0.2, DATE '2018-05-07', '54.53', '/img/PM/P/0/85/0P_166085.gif'),
('Perishable', 149129, '4896773723284', 'Carte noire - Dosettes de café Espresso classic', 399, 0.2, DATE '2018-01-04', '54.53', '/img/PM/P/0/29/0P_149129.gif'),
('Perishable', 140506, '4620317918104', 'Dolce Gusto - Capsule de café expresso Ristretto', 395, 0.2, DATE '2018-01-04', '54.53', '/img/PM/P/0/06/0P_140506.gif'),
('Perishable', 98146, '4108741332644', 'Dolce Gusto - Capsule de Cappuccino', 369, 0.2, DATE '2018-05-02', '54.53', '/img/PM/P/0/46/0P_98146.gif'),
('Perishable', 142282, '4814240947491', 'Dolce Gusto - Lungo décaféiné', 375, 0.2, DATE '2017-12-07', '54.53', '/img/PM/P/0/82/0P_142282.gif'),
('Perishable', 316724, '4330280530573', 'Dolce Gusto - Capsules de Café Catuai Do Brasir', 495, 0.2, DATE '2017-12-06', '54.53', '/img/PM/P/0/24/0P_316724.gif'),
('Perishable', 161511, '4103275325630', 'Dolce Gusto - Capsule de café expresso Barista', 389, 0.2, DATE '2018-03-06', '54.53', '/img/PM/P/0/11/0P_161511.gif'),
('Perishable', 98147, '4202216747907', 'Dolce Gusto - Expresso Intenso', 369, 0.2, DATE '2018-01-01', '54.53', '/img/PM/P/0/47/0P_98147.gif'),
('Perishable', 335883, '4873883404461', 'Dolce Gusto - Capsules de Café Espresso', 379, 0.2, DATE '2018-04-03', '54.53', '/img/PM/P/0/83/0P_335883.gif'),
('Perishable', 91761, '4522221622591', 'Dolce Gusto - Grande Aroma', 369, 0.2, DATE '2018-04-04', '54.53', '/img/PM/P/0/61/0P_91761.gif'),
('Perishable', 318944, '4973470377022', 'Dolce Gusto - Capsules de Café Espresso', 695, 0.2, DATE '2018-04-05', '54.53', '/img/PM/P/0/44/0P_318944.gif'),
('Perishable', 230146, '4053658718700', 'Dolce Gusto - Capsule de Café Grande Intenso', 425, 0.2, DATE '2018-02-04', '54.53', '/img/PM/P/0/46/0P_230146.gif'),
('Perishable', 187319, '4889568572384', 'Dolce Gusto - Dosettes de Café décaffeinato', 425, 0.2, DATE '2018-04-07', '54.53', '/img/PM/P/0/19/0P_187319.gif'),
('Perishable', 57021, '4427426915028', 'Dolce Gusto - Capsule de café Espresso', 379, 0.2, DATE '2018-04-05', '54.53', '/img/PM/P/0/21/0P_57021.gif'),
('Perishable', 161483, '4189444397993', 'Dolce Gusto - Capsules de Café au lait', 365, 0.2, DATE '2018-02-06', '54.53', '/img/PM/P/0/83/0P_161483.gif'),
('Perishable', 234804, '4394855995148', 'Dolce Gusto - Capsules de Café Preludio', 475, 0.2, DATE '2018-02-03', '54.53', '/img/PM/P/0/04/0P_234804.gif');           
INSERT INTO PUBLIC.ARTICLE(DTYPE, ID, EAN, NAME, PRICE, VAT, BESTBEFORE, LOT, IMG) VALUES
('Perishable', 161518, '4828271646606', 'Dolce Gusto - Latte Macchiato Caramel', 475, 0.2, DATE '2018-03-03', '54.53', '/img/PM/P/0/18/0P_161518.gif'),
('Perishable', 91760, '4025799478902', 'Dolce Gusto - Lungo', 385, 0.2, DATE '2018-04-06', '54.53', '/img/PM/P/0/60/0P_91760.gif'),
('Perishable', 312808, '4857358767062', 'Capsules de Chocolat Dolce Gusto', 425, 0.2, DATE '2018-04-01', '54.53', '/img/PM/P/0/08/0P_312808.gif'),
('Perishable', 331856, '4121708369937', 'Recharge de café soluble Classique', 599, 0.2, DATE '2018-02-06', '54.53', '/img/PM/P/0/56/0P_331856.gif'),
('Perishable', 16725, '4309601693002', 'Sélection - Café soluble décaféiné', 535, 0.2, DATE '2018-04-04', '54.53', '/img/PM/P/0/25/0P_16725.gif'),
('Perishable', 171317, '4119028868949', 'Cappucino Noisette', 445, 0.2, DATE '2018-05-01', '54.53', '/img/PM/P/0/17/0P_171317.gif'),
('Perishable', 166083, '4719279195215', 'Espresso - Café soluble en sticks', 249, 0.2, DATE '2018-01-01', '54.53', '/img/PM/P/0/83/0P_166083.gif'),
('Perishable', 16848, '4443542617662', 'Spécial Filtre - Café soluble', 585, 0.2, DATE '2018-01-03', '54.53', '/img/PM/P/0/48/0P_16848.gif'),
('Perishable', 35332, '4391714921923', 'Café Viennois', 375, 0.2, DATE '2018-05-07', '54.53', '/img/PM/P/0/32/0P_35332.gif'),
('Perishable', 10244, '4482482461155', 'Spécial filtre - Café soluble décaféiné', 679, 0.2, DATE '2018-02-02', '54.53', '/img/PM/P/0/44/0P_10244.gif'),
('Perishable', 319020, '4484480956645', 'Sticks de Café au lait soluble', 199, 0.2, DATE '2018-03-04', '54.53', '/img/PM/P/0/20/0P_319020.gif'),
('Perishable', 5607, '4266399228001', 'Tradition - Café soluble', 203, 0.2, DATE '2018-03-01', '54.53', '/img/PM/P/0/07/0P_5607.gif'),
('Perishable', 154645, '4298202364001', 'Qualité filtre - Café en sticks décaféiné', 195, 0.2, DATE '2018-05-05', '54.53', '/img/PM/P/0/45/0P_154645.gif'),
('Perishable', 331857, '4283878941447', 'Sticks de Café classique', 199, 0.2, DATE '2018-02-01', '54.53', '/img/PM/P/0/57/0P_331857.gif'),
('Perishable', 144577, '4524350611872', 'Cappuccino Vanille', 385, 0.2, DATE '2018-01-04', '54.53', '/img/PM/P/0/77/0P_144577.gif'),
('Perishable', 183099, '4272786023887', 'Espresso Intenso - Café instantané Pur Arabica', 509, 0.2, DATE '2018-02-05', '54.53', '/img/PM/P/0/99/0P_183099.gif'),
('Perishable', 161496, '4611437286576', 'Café 3 en 1 en sticks', 195, 0.2, DATE '2018-02-01', '54.53', '/img/PM/P/0/96/0P_161496.gif'),
('Perishable', 8196, '4045096656768', 'Qualité filtre - Café soluble', 335, 0.2, DATE '2018-01-05', '54.53', '/img/PM/P/0/96/0P_8196.gif'),
('Perishable', 4754, '4319520902753', 'Café soluble pur Arabica', 475, 0.2, DATE '2018-05-01', '54.53', '/img/PM/P/0/54/0P_4754.gif'),
('Perishable', 74070, '4245774444303', 'Cappuccino classique', 301, 0.2, DATE '2018-04-01', '54.53', '/img/PM/P/0/70/0P_74070.gif'),
('Perishable', 84519, '4004567576400', 'Extra filtre - Café soluble décaféiné', 301, 0.2, DATE '2018-02-06', '54.53', '/img/PM/P/0/19/0P_84519.gif'),
('Perishable', 154653, '4969341435547', 'Qualité filtre - Café en sticks', 195, 0.2, DATE '2017-12-07', '54.53', '/img/PM/P/0/53/0P_154653.gif'),
('Perishable', 114153, '4992825118748', 'Expresso - Café en sticks', 219, 0.2, DATE '2018-01-03', '54.53', '/img/PM/P/0/53/0P_114153.gif'),
('Perishable', 10263, '4152549888360', 'Cappuccino en sachets dégustation', 229, 0.2, DATE '2017-12-03', '54.53', '/img/PM/P/0/63/0P_10263.gif'),
('Perishable', 95096, '4224131344446', 'Cappuccino', 365, 0.2, DATE '2018-02-04', '54.53', '/img/PM/P/0/96/0P_95096.gif'),
('Perishable', 10259, '4471614001381', 'Nes - Café soluble', 475, 0.2, DATE '2018-01-01', '54.53', '/img/PM/P/0/59/0P_10259.gif'); 
INSERT INTO PUBLIC.ARTICLE(DTYPE, ID, EAN, NAME, PRICE, VAT, BESTBEFORE, LOT, IMG) VALUES
('Perishable', 171316, '4448586731009', 'Spécial filtre - Café noir moulu Fine mousse', 489, 0.2, DATE '2018-05-03', '54.53', '/img/PM/P/0/16/0P_171316.gif'),
('Perishable', 16724, '4978758767485', 'Sélection - Café soluble', 449, 0.2, DATE '2018-02-07', '54.53', '/img/PM/P/0/24/0P_16724.gif'),
('Perishable', 171318, '4684888063662', 'Special Filtre - Café en Sticks', 535, 0.2, DATE '2018-01-06', '54.53', '/img/PM/P/0/18/0P_171318.gif'),
('Perishable', 57210, '4387194228949', 'Nes - Stick de café soluble', 189, 0.2, DATE '2018-02-01', '54.53', '/img/PM/P/0/10/0P_57210.gif'),
('Perishable', 1834, '4570498040174', 'Café soluble lyophilisé Extra filtre', 456, 0.2, DATE '2018-02-04', '54.53', '/img/PM/P/0/34/0P_1834.gif'),
('Perishable', 157015, '4707220629549', 'Special filtre - Café soluble recharge', 449, 0.2, DATE '2017-11-02', '54.53', '/img/PM/P/0/15/0P_157015.gif'),
('Perishable', 168112, '4637003148600', 'Ricoré - Café chicorée solubles', 439, 0.2, DATE '2018-05-06', '54.53', '/img/PM/P/0/12/0P_168112.gif'),
('Perishable', 5596, '4220470934196', 'Café à la Chicorée soluble', 230, 0.2, DATE '2018-04-04', '54.53', '/img/PM/P/0/96/0P_5596.gif'),
('Perishable', 16960, '4259423275832', 'Chicorée soluble', 259, 0.2, DATE '2017-12-02', '54.53', '/img/PM/P/0/60/0P_16960.gif'),
('Perishable', 161495, '4810871482119', 'Ricoré - Café chicorée solubles recharge', 289, 0.2, DATE '2018-01-02', '54.53', '/img/PM/P/0/95/0P_161495.gif'),
('Perishable', 167797, '4224025123505', 'Ricoré - Café chicorée solubles', 565, 0.2, DATE '2018-05-04', '54.53', '/img/PM/P/0/97/0P_167797.gif'),
('Perishable', 16970, '4747309584520', 'Ricoré - Café chicorée soluble au Lait', 435, 0.2, DATE '2018-01-07', '54.53', '/img/PM/P/0/70/0P_16970.gif'),
('Perishable', 312302, '4842983767166', 'Chicorée torréfiée en Grains', 165, 0.2, DATE '2017-12-03', '54.53', '/img/PM/P/0/02/0P_312302.gif'),
('Perishable', 16019, '4229473043616', 'Bahia - Café moulu du Brésil', 299, 0.2, DATE '2018-04-02', '54.53', '/img/PM/P/0/19/0P_16019.gif'),
('Perishable', 183288, '4560104042851', 'Café moulu du Perou pur Arabica', 305, 0.2, DATE '2017-12-07', '54.53', '/img/PM/P/0/88/0P_183288.gif'),
('Perishable', 5910, '4880333528716', 'Expresso - Café moulu pur Arabica', 372, 0.2, DATE '2017-12-04', '54.53', '/img/PM/P/0/10/0P_5910.gif'),
('Perishable', 16422, '4694427445672', 'Café moulu intense 100% Arabica', 589, 0.2, DATE '2017-12-02', '54.53', '/img/PM/P/0/22/0P_16422.gif'),
('Perishable', 128455, '4441324319369', 'Café moulu décaféiné pur Arabica', 365, 0.2, DATE '2017-12-06', '54.53', '/img/PM/P/0/55/0P_128455.gif'),
('Perishable', 148008, '4229307120245', 'Café pur Arabica moulu', 585, 0.2, DATE '2017-12-04', '54.53', '/img/PM/P/0/08/0P_148008.gif'),
('Perishable', 16018, '4908710752777', 'Popayan - Café moulu de Colombie', 299, 0.2, DATE '2018-02-06', '54.53', '/img/PM/P/0/18/0P_16018.gif'),
('Perishable', 4487, '4286508603747', 'Café moulu moka d''Ethiopie', 315, 0.2, DATE '2018-04-07', '54.53', '/img/PM/P/0/87/0P_4487.gif'),
('Perishable', 106196, '4593389572537', 'Malongo - Café moulu', 279, 0.2, DATE '2018-03-02', '54.53', '/img/PM/P/0/96/0P_106196.gif'),
('Perishable', 116652, '4240473488058', 'Brasil - Café moulu pur Arabica', 234, 0.2, DATE '2018-03-02', '54.53', '/img/PM/P/0/52/0P_116652.gif'),
('Perishable', 311997, '4400713385846', 'Expresso - Café moulu intense pur Arabica', 385, 0.2, DATE '2018-03-04', '54.53', '/img/PM/P/0/97/0P_311997.gif');   
INSERT INTO PUBLIC.ARTICLE(DTYPE, ID, EAN, NAME, PRICE, VAT, BESTBEFORE, LOT, IMG) VALUES
('Perishable', 1756, '4712349990923', 'Café moulu pur Arabica', 585, 0.2, DATE '2017-12-02', '54.53', '/img/PM/P/0/56/0P_1756.gif'),
('Perishable', 12157, '4898847117624', 'Café moulu Pur Arabica', 168, 0.2, DATE '2017-12-03', '54.53', '/img/PM/P/0/57/0P_12157.gif'),
('Perishable', 142310, '4708090696619', 'Café moulu Arabica', 939, 0.2, DATE '2018-03-02', '54.53', '/img/PM/P/0/10/0P_142310.gif'),
('Perishable', 12153, '4328274998157', 'Etiopia - Café moulu pur Arabica', 274, 0.2, DATE '2018-05-05', '54.53', '/img/PM/P/0/53/0P_12153.gif'),
('Perishable', 2973, '4208645711579', 'Tradition - Café moulu', 175, 0.2, DATE '2017-11-04', '54.53', '/img/PM/P/0/73/0P_2973.gif'),
('Perishable', 128452, '4263557299089', 'Café moulu Gastronomique pur Arabica', 349, 0.2, DATE '2018-03-01', '54.53', '/img/PM/P/0/52/0P_128452.gif'),
('Perishable', 8789, '4192621860429', 'Il Mattino - Café moulu', 665, 0.2, DATE '2018-01-07', '54.53', '/img/PM/P/0/89/0P_8789.gif'),
('Perishable', 233808, '4083485969911', 'Douceur - Café moulu 100% Arabica', 309, 0.2, DATE '2018-04-07', '54.53', '/img/PM/P/0/08/0P_233808.gif'),
('Perishable', 105402, '4480950651676', 'Café moulu doux 100% arabica', 599, 0.2, DATE '2018-05-03', '54.53', '/img/PM/P/0/02/0P_105402.gif'),
('Perishable', 17016, '4764098863153', 'Bonne Nuit - Café moulu décaféiné', 195, 0.2, DATE '2018-04-01', '54.53', '/img/PM/P/0/16/0P_17016.gif'),
('Perishable', 87274, '4576862948179', 'Dégustation - Café moulu pur Arabica', 355, 0.2, DATE '2018-02-03', '54.53', '/img/PM/P/0/74/0P_87274.gif'),
('Perishable', 16953, '4239190126658', 'Café moulu décaféiné', 365, 0.2, DATE '2018-03-04', '54.53', '/img/PM/P/0/53/0P_16953.gif'),
('Perishable', 17006, '4878332796328', 'Expresso Italiano - Café moulu pur Arabica', 535, 0.2, DATE '2018-04-06', '54.53', '/img/PM/P/0/06/0P_17006.gif'),
('Perishable', 100999, '4995797141081', 'Guatemala - Café moulu pur Arabica', 295, 0.2, DATE '2018-05-01', '54.53', '/img/PM/P/0/99/0P_100999.gif'),
('Perishable', 310277, '4746425219215', 'Velours - Café moulu pur Arabica', 649, 0.2, DATE '2018-01-03', '54.53', '/img/PM/P/0/77/0P_310277.gif'),
('Perishable', 146509, '4051539354113', 'Tradition - Café moulu décaféiné', 162, 0.2, DATE '2018-03-04', '54.53', '/img/PM/P/0/09/0P_146509.gif'),
('Perishable', 125917, '4956495069981', 'Café Blend moulu pur Arabica bio', 410, 0.2, DATE '2018-02-03', '54.53', '/img/PM/P/0/17/0P_125917.gif'),
('Perishable', 54942, '4178238092786', 'Café moulu d''Amérique du Sud', 292, 0.2, DATE '2018-01-07', '54.53', '/img/PM/P/0/42/0P_54942.gif'),
('Perishable', 59925, '4010283411669', 'Café moulu doux pur Arabica', 426, 0.2, DATE '2018-04-01', '54.53', '/img/PM/P/0/25/0P_59925.gif'),
('Perishable', 8913, '4028673473650', 'Tradition - Café moulu', 96, 0.2, DATE '2018-01-06', '54.53', '/img/PM/P/0/13/0P_8913.gif'),
('Perishable', 43448, '4489183320940', 'Suprêmo d''Arabica moulu', 395, 0.2, DATE '2018-02-03', '54.53', '/img/PM/P/0/48/0P_43448.gif'),
('Perishable', 12160, '4176520969920', 'Colombia - Café moulu pur Arabica IGP', 264, 0.2, DATE '2017-12-01', '54.53', '/img/PM/P/0/60/0P_12160.gif'),
('Perishable', 8221, '4760538787184', 'Dégustation - Café moulu riche en Arabica', 575, 0.2, DATE '2018-03-04', '54.53', '/img/PM/P/0/21/0P_8221.gif'),
('Perishable', 98748, '4377039930633', 'Deca Aqua - Café décaféiné à l''eau', 385, 0.2, DATE '2018-02-06', '54.53', '/img/PM/P/0/48/0P_98748.gif'),
('Perishable', 8210, '4304983656369', 'Nectar - Café moulu', 635, 0.2, DATE '2018-02-04', '54.53', '/img/PM/P/0/10/0P_8210.gif');    
INSERT INTO PUBLIC.ARTICLE(DTYPE, ID, EAN, NAME, PRICE, VAT, BESTBEFORE, LOT, IMG) VALUES
('Perishable', 16798, '4147687836399', 'Familial - Café moulu', 169, 0.2, DATE '2017-12-05', '54.53', '/img/PM/P/0/98/0P_16798.gif'),
('Perishable', 2823, '4710975951230', 'Tradition - Café moulu', 372, 0.2, DATE '2018-02-04', '54.53', '/img/PM/P/0/23/0P_2823.gif'),
('Perishable', 166355, '4167733090626', 'Café en grains pur Arabica', 869, 0.2, DATE '2018-04-05', '54.53', '/img/PM/P/0/55/0P_166355.gif'),
('Perishable', 73837, '4554556979118', 'Il Perfetto Espresso - Café en grains', 365, 0.2, DATE '2017-12-06', '54.53', '/img/PM/P/0/37/0P_73837.gif'),
('Perishable', 71982, '4447337885484', 'Tradition - Café en grains', 456, 0.2, DATE '2018-05-05', '54.53', '/img/PM/P/0/82/0P_71982.gif'),
('Perishable', 233084, '4502878650109', 'Café en grains', 1365, 0.2, DATE '2018-03-01', '54.53', '/img/PM/P/0/84/0P_233084.gif'),
('Perishable', 151801, '4205020178809', 'Expresso - Café en grains pur Arabica', 281, 0.2, DATE '2018-04-07', '54.53', '/img/PM/P/0/01/0P_151801.gif'),
('Perishable', 183119, '4646378569262', 'L''Or - Café en grains Arabica', 1439, 0.2, DATE '2018-05-05', '54.53', '/img/PM/P/0/19/0P_183119.gif'),
('Perishable', 16381, '4089370841286', 'Filtres à café n° 4', 185, 0.2, DATE '2018-03-07', '54.53', '/img/PM/P/0/81/0P_16381.gif'),
('Perishable', 100020, '4445447804337', 'Filtres à café n°4', 77, 0.2, DATE '2017-12-06', '54.53', '/img/PM/P/0/20/0P_100020.gif'),
('Perishable', 10017, '4016215741457', 'Filtre à Café n° 2', 36, 0.2, DATE '2018-02-05', '54.53', '/img/PM/P/0/17/0P_10017.gif'),
('Perishable', 1823, '4938680623635', 'Filtres à Café n° 4', 39, 0.2, DATE '2018-03-06', '54.53', '/img/PM/P/0/23/0P_1823.gif'),
('Perishable', 9323, '4183287162774', 'Thé au caramel', 165, 0.2, DATE '2018-01-04', '54.53', '/img/PM/P/0/23/0P_9323.gif'),
('Perishable', 103694, '4913836761059', 'Thé à la vanille', 189, 0.2, DATE '2018-04-05', '54.53', '/img/PM/P/0/94/0P_103694.gif'),
('Perishable', 331745, '4775734479070', 'Thé de Darjeeling', 285, 0.2, DATE '2018-04-04', '54.53', '/img/PM/P/0/45/0P_331745.gif'),
('Perishable', 92620, '4663035118198', 'Thé menthe extrême', 140, 0.2, DATE '2018-01-05', '54.53', '/img/PM/P/0/20/0P_92620.gif'),
('Perishable', 7304, '4093538146902', 'Earl grey - Thé à la bergamote', 104, 0.2, DATE '2018-01-04', '54.53', '/img/PM/P/0/04/0P_7304.gif'),
('Perishable', 228623, '4759542595361', 'Thé vert au Citron bio', 259, 0.2, DATE '2017-11-05', '54.53', '/img/PM/P/0/23/0P_228623.gif'),
('Perishable', 104817, '4158094916784', 'Thé vert au Citron Intense', 265, 0.2, DATE '2018-04-02', '54.53', '/img/PM/P/0/17/0P_104817.gif'),
('Perishable', 32768, '4894863398810', 'Elephant - Infusion Elimination &amp; Bien-être', 195, 0.2, DATE '2017-12-07', '54.53', '/img/PM/P/0/68/0P_32768.gif'),
('Perishable', 6456, '4580743521604', 'Thé aux Fruits Rouges', 117, 0.2, DATE '2018-02-03', '54.53', '/img/PM/P/0/56/0P_6456.gif'),
('Perishable', 232063, '4721853730680', 'Thé vert bio', 269, 0.2, DATE '2017-12-04', '54.53', '/img/PM/P/0/63/0P_232063.gif'),
('Perishable', 23199, '4534152788967', 'Thé vert earl grey', 235, 0.2, DATE '2018-05-05', '54.53', '/img/PM/P/0/99/0P_23199.gif'),
('Perishable', 6614, '4306435590607', 'Lady Grey - Thé arômatisé bergamote et agrumes, goût russe', 249, 0.2, DATE '2017-12-07', '54.53', '/img/PM/P/0/14/0P_6614.gif'),
('Perishable', 165808, '4860654796367', 'Thé à la Vanille', 195, 0.2, DATE '2018-02-07', '54.53', '/img/PM/P/0/08/0P_165808.gif'),
('Perishable', 9324, '4124831293847', 'Thé aromatisé citron', 175, 0.2, DATE '2018-03-04', '54.53', '/img/PM/P/0/24/0P_9324.gif');         
INSERT INTO PUBLIC.ARTICLE(DTYPE, ID, EAN, NAME, PRICE, VAT, BESTBEFORE, LOT, IMG) VALUES
('Perishable', 173840, '4925294438775', 'Thé Earl Grey à la Bergamote', 205, 0.2, DATE '2018-02-05', '54.53', '/img/PM/P/0/40/0P_173840.gif'),
('Perishable', 7297, '4870017242149', 'Thé à la menthe', 83, 0.2, DATE '2018-05-05', '54.53', '/img/PM/P/0/97/0P_7297.gif'),
('Perishable', 173758, '4685762965639', 'Thé Earl Grey au Citron', 215, 0.2, DATE '2018-02-06', '54.53', '/img/PM/P/0/58/0P_173758.gif'),
('Perishable', 142368, '4626052477734', 'Russian Earl Grey', 249, 0.2, DATE '2018-03-07', '54.53', '/img/PM/P/0/68/0P_142368.gif'),
('Perishable', 1287, '4497555782806', 'Thé noir de Chine', 359, 0.2, DATE '2018-04-05', '54.53', '/img/PM/P/0/87/0P_1287.gif'),
('Perishable', 7303, '4828082692418', 'Thé vert aromatisé', 129, 0.2, DATE '2017-12-02', '54.53', '/img/PM/P/0/03/0P_7303.gif'),
('Perishable', 331743, '4271851420482', 'Thé Earl Grey', 225, 0.2, DATE '2017-12-07', '54.53', '/img/PM/P/0/43/0P_331743.gif'),
('Perishable', 120048, '4874096979425', 'Thé Vert Ceylan bio', 361, 0.2, DATE '2018-02-04', '54.53', '/img/PM/P/0/48/0P_120048.gif'),
('Perishable', 12870, '4349124101735', 'English Breakfast - Thé Anglais Tir''press', 275, 0.2, DATE '2018-04-04', '54.53', '/img/PM/P/0/70/0P_12870.gif'),
('Perishable', 16448, '4444302621852', 'Thé orange-cannelle', 225, 0.2, DATE '2018-03-05', '54.53', '/img/PM/P/0/48/0P_16448.gif'),
('Perishable', 331747, '4790582093391', 'Thé noir Earl Grey', 415, 0.2, DATE '2018-01-02', '54.53', '/img/PM/P/0/47/0P_331747.gif'),
('Perishable', 92573, '4575136439617', 'Thé vert classique', 365, 0.2, DATE '2018-05-02', '54.53', '/img/PM/P/0/73/0P_92573.gif'),
('Perishable', 329558, '4458344788136', 'Thé vert Secret des Îles', 338, 0.2, DATE '2018-03-05', '54.53', '/img/PM/P/0/58/0P_329558.gif'),
('Perishable', 190231, '4918391745356', 'Thé noir', 169, 0.2, DATE '2018-02-03', '54.53', '/img/PM/P/0/31/0P_190231.gif'),
('Perishable', 72153, '4894003121792', 'Thé vert Classique', 235, 0.2, DATE '2018-02-05', '54.53', '/img/PM/P/0/53/0P_72153.gif'),
('Perishable', 331742, '4499128346316', 'Thé noir de Ceylan', 255, 0.2, DATE '2018-01-05', '54.53', '/img/PM/P/0/42/0P_331742.gif'),
('Perishable', 12866, '4433034002252', 'Thé corsé', 309, 0.2, DATE '2018-04-06', '54.53', '/img/PM/P/0/66/0P_12866.gif'),
('Perishable', 6616, '4036864924330', 'Gunpowder - Thé vert nature en vrac', 525, 0.2, DATE '2018-03-06', '54.53', '/img/PM/P/0/16/0P_6616.gif'),
('Perishable', 1507, '4475676468712', 'Original - Thé Earl Grey en vrac', 649, 0.2, DATE '2018-05-02', '54.53', '/img/PM/P/0/07/0P_1507.gif'),
('Perishable', 331739, '4996026203215', 'Thé Darjeeling vrac', 619, 0.2, DATE '2018-04-05', '54.53', '/img/PM/P/0/39/0P_331739.gif'),
('Perishable', 104824, '4187106034490', 'Darjeeling - Thé', 715, 0.2, DATE '2018-05-01', '54.53', '/img/PM/P/0/24/0P_104824.gif'),
('Perishable', 331738, '4025537987906', 'Thé noir Earl grey en vrac', 575, 0.2, DATE '2018-05-01', '54.53', '/img/PM/P/0/38/0P_331738.gif'),
('Perishable', 161517, '4132979638587', 'Dolce Gusto - Marrakech Tea', 465, 0.2, DATE '2017-12-05', '54.53', '/img/PM/P/0/17/0P_161517.gif'),
('Perishable', 341357, '4742950589108', 'Capsules de Thé Noir aux Fruits Rouges', 349, 0.2, DATE '2018-02-04', '54.53', '/img/PM/P/0/57/0P_341357.gif'),
('Perishable', 187325, '4978864546504', 'Capsules infusion verveine menthe fraîche', 339, 0.2, DATE '2018-01-02', '54.53', '/img/PM/P/0/25/0P_187325.gif'),
('Perishable', 187331, '4942303930443', 'Capsules de Thé noir Finest Earl Grey', 339, 0.2, DATE '2018-05-04', '54.53', '/img/PM/P/0/31/0P_187331.gif');   
INSERT INTO PUBLIC.ARTICLE(DTYPE, ID, EAN, NAME, PRICE, VAT, BESTBEFORE, LOT, IMG) VALUES
('Perishable', 187326, '4396215717239', 'Capsules de Thé vert Marrakech Mint', 339, 0.2, DATE '2018-05-03', '54.53', '/img/PM/P/0/26/0P_187326.gif'),
('Perishable', 187469, '4513011683601', 'Capsules de Thé Noir aux fruits rouges', 339, 0.2, DATE '2018-03-07', '54.53', '/img/PM/P/0/69/0P_187469.gif'),
('Perishable', 142007, '4848509985524', 'Twinings - Dosettes de Thé vert à la menthe', 399, 0.2, DATE '2018-05-05', '54.53', '/img/PM/P/0/07/0P_142007.gif'),
('Perishable', 27698, '4535488951465', 'Elephant - Infusion fruits rouges', 139, 0.2, DATE '2017-12-06', '54.53', '/img/PM/P/0/98/0P_27698.gif'),
('Perishable', 60500, '4903501297752', 'Infusion drainage et élimination', 235, 0.2, DATE '2018-02-07', '54.53', '/img/PM/P/0/00/0P_60500.gif'),
('Perishable', 187256, '4178328790428', 'La Rhubarbe à Papa - Infusion Fraise, Framboise et Rhubarbe', 245, 0.2, DATE '2017-12-07', '54.53', '/img/PM/P/0/56/0P_187256.gif'),
('Perishable', 142366, '4140851673483', 'Infusion nuit calme Verveine', 249, 0.2, DATE '2018-03-07', '54.53', '/img/PM/P/0/66/0P_142366.gif'),
('Perishable', 77482, '4515893798412', 'Infusion nuit calme', 149, 0.2, DATE '2018-03-07', '54.53', '/img/PM/P/0/82/0P_77482.gif'),
('Perishable', 8063, '4949053729748', 'Minceur - Thé vert, Guarana, queue de Cerise', 349, 0.2, DATE '2018-02-04', '54.53', '/img/PM/P/0/63/0P_8063.gif'),
('Perishable', 175093, '4560180347182', 'Infusion Brûleur de graisses à la Vanille', 205, 0.2, DATE '2018-01-04', '54.53', '/img/PM/P/0/93/0P_175093.gif'),
('Perishable', 132994, '4031969861250', 'Infusion Verveine', 145, 0.2, DATE '2018-04-04', '54.53', '/img/PM/P/0/94/0P_132994.gif'),
('Perishable', 104816, '4905466222300', 'Infusion disgestion légère', 169, 0.2, DATE '2018-03-05', '54.53', '/img/PM/P/0/16/0P_104816.gif'),
('Perishable', 136587, '4129371836664', 'Infusion relaxation et anti-stress', 205, 0.2, DATE '2018-03-04', '54.53', '/img/PM/P/0/87/0P_136587.gif'),
('Perishable', 165691, '4817671107569', 'Miel et une Nuit - Infusion Banane, Miel et Rooibos', 219, 0.2, DATE '2018-05-06', '54.53', '/img/PM/P/0/91/0P_165691.gif'),
('Perishable', 13561, '4551930768196', 'Elephant - Infusion Pomme et Cannelle', 155, 0.2, DATE '2018-03-05', '54.53', '/img/PM/P/0/61/0P_13561.gif'),
('Perishable', 325379, '4641190268208', 'Capsules Infusion Réglisse Menthe', 349, 0.2, DATE '2018-01-07', '54.53', '/img/PM/P/0/79/0P_325379.gif'),
('Perishable', 7305, '4845495426003', 'Infusion tilleul menthe', 98, 0.2, DATE '2018-04-06', '54.53', '/img/PM/P/0/05/0P_7305.gif'),
('Perishable', 92621, '4085323121308', 'Infusion pomme/cannelle', 101, 0.2, DATE '2018-01-03', '54.53', '/img/PM/P/0/21/0P_92621.gif'),
('Perishable', 115315, '4869874395009', 'Infusion verveine', 122, 0.2, DATE '2018-02-04', '54.53', '/img/PM/P/0/15/0P_115315.gif'),
('Perishable', 167597, '4642377363965', 'Infusion des 2 marmottes aux 7 plantes', 505, 0.2, DATE '2018-04-01', '54.53', '/img/PM/P/0/97/0P_167597.gif'),
('Perishable', 87246, '4569152606656', 'Ventre plat - Infusion menthe, anis et réglisse', 205, 0.2, DATE '2018-05-04', '54.53', '/img/PM/P/0/46/0P_87246.gif'),
('Perishable', 171819, '4477236241544', 'Thé vert Détox saveur Orange sanguine', 235, 0.2, DATE '2018-04-03', '54.53', '/img/PM/P/0/19/0P_171819.gif'),
('Perishable', 160258, '4451933876739', 'Infusion Détox saveur menthe', 205, 0.2, DATE '2018-03-04', '54.53', '/img/PM/P/0/58/0P_160258.gif'),
('Perishable', 7302, '4303226270191', 'Infusion verveine menthe', 115, 0.2, DATE '2018-01-06', '54.53', '/img/PM/P/0/02/0P_7302.gif'),
('Perishable', 2994, '4183828597004', 'Bien-être - Infusion tilleul-oranger-camomille', 235, 0.2, DATE '2017-11-05', '54.53', '/img/PM/P/0/94/0P_2994.gif'),
('Perishable', 323761, '4906052934861', 'Signature - Thé vert pétales de roses cerise griotte', 619, 0.2, DATE '2018-04-02', '54.53', '/img/PM/P/0/61/0P_323761.gif');         
INSERT INTO PUBLIC.ARTICLE(DTYPE, ID, EAN, NAME, PRICE, VAT, BESTBEFORE, LOT, IMG) VALUES
('Perishable', 316717, '4518301426920', 'Infusion Détox et Vous', 515, 0.2, DATE '2017-12-06', '54.53', '/img/PM/P/0/17/0P_316717.gif'),
('Perishable', 132997, '4564465807321', 'Infusion Verveine Menthe', 135, 0.2, DATE '2018-04-03', '54.53', '/img/PM/P/0/97/0P_132997.gif'),
('Perishable', 186480, '4495327134487', 'Infusion Brûle graisse au Thé vert', 365, 0.2, DATE '2018-01-01', '54.53', '/img/PM/P/0/80/0P_186480.gif'),
('Perishable', 323759, '4929463541508', 'Signature - Thé noir bergamote, fleurs de lavande', 619, 0.2, DATE '2018-02-05', '54.53', '/img/PM/P/0/59/0P_323759.gif'),
('Perishable', 187878, '4832585385534', 'Infusion après repas', 142, 0.2, DATE '2017-12-03', '54.53', '/img/PM/P/0/78/0P_187878.gif'),
('Perishable', 234787, '4323554185157', 'Infusion Détox', 259, 0.2, DATE '2017-12-07', '54.53', '/img/PM/P/0/87/0P_234787.gif'),
('Perishable', 131522, '4527192877741', 'Infusion Thym et Menthe', 245, 0.2, DATE '2018-02-05', '54.53', '/img/PM/P/0/22/0P_131522.gif'),
('Perishable', 92676, '4566621203774', 'Infuselle - Infusion aux 5 plantes', 365, 0.2, DATE '2018-04-02', '54.53', '/img/PM/P/0/76/0P_92676.gif'),
('Perishable', 104830, '4599928939419', 'Infusion bien-être Ligne Svelte', 235, 0.2, DATE '2018-04-04', '54.53', '/img/PM/P/0/30/0P_104830.gif'),
('Perishable', 87253, '4769527651601', 'Infusion nuits paisibles', 199, 0.2, DATE '2018-02-02', '54.53', '/img/PM/P/0/53/0P_87253.gif'),
('Perishable', 167599, '4680794866980', 'Infusion au Thym', 495, 0.2, DATE '2018-02-06', '54.53', '/img/PM/P/0/99/0P_167599.gif'),
('Perishable', 78735, '4898543999330', 'Infusion fruits rouge', 105, 0.2, DATE '2018-01-07', '54.53', '/img/PM/P/0/35/0P_78735.gif'),
('Perishable', 142365, '4346469938764', 'Infusion nuit calme miel', 245, 0.2, DATE '2018-05-04', '54.53', '/img/PM/P/0/65/0P_142365.gif'),
('Perishable', 187280, '4617396285096', 'Infusion Défenses naturelles', 265, 0.2, DATE '2018-04-04', '54.53', '/img/PM/P/0/80/0P_187280.gif'),
('Perishable', 131513, '4133689433831', 'Infusion Détente sommeil', 199, 0.2, DATE '2018-02-03', '54.53', '/img/PM/P/0/13/0P_131513.gif'),
('Perishable', 61183, '4247104558269', 'Infuselle - Infusion nuit', 365, 0.2, DATE '2018-03-06', '54.53', '/img/PM/P/0/83/0P_61183.gif'),
('Perishable', 62916, '4987149984680', 'Infusion fleur de camomille', 189, 0.2, DATE '2017-12-07', '54.53', '/img/PM/P/0/16/0P_62916.gif'),
('Perishable', 7298, '4780948653182', 'Infusion Camomille', 135, 0.2, DATE '2017-11-01', '54.53', '/img/PM/P/0/98/0P_7298.gif'),
('Perishable', 13563, '4635951062980', 'Elephant - Infusion nuit tranquille', 155, 0.2, DATE '2017-12-01', '54.53', '/img/PM/P/0/63/0P_13563.gif'),
('Perishable', 171864, '4575926479519', 'Tisane Après-repas', 255, 0.2, DATE '2017-12-07', '54.53', '/img/PM/P/0/64/0P_171864.gif'),
('Perishable', 104829, '4266451860181', 'Infusion tilleul-citron', 169, 0.2, DATE '2018-01-07', '54.53', '/img/PM/P/0/29/0P_104829.gif'),
('Perishable', 171949, '4528970003423', 'Chocolat en poudre', 355, 0.2, DATE '2018-03-05', '54.53', '/img/PM/P/0/49/0P_171949.gif'),
('Perishable', 120736, '4252119718282', 'Choc''o déj - Chocolat en poudre', 428, 0.2, DATE '2018-01-06', '54.53', '/img/PM/P/0/36/0P_120736.gif'),
('Perishable', 193636, '4546412550387', 'Nesquik - Chocolat en poudre Moins de sucres', 289, 0.2, DATE '2018-01-03', '54.53', '/img/PM/P/0/36/0P_193636.gif'),
('Perishable', 5921, '4661124692054', 'Kao Choc - Chocolat en poudre', 249, 0.2, DATE '2018-03-04', '54.53', '/img/PM/P/0/21/0P_5921.gif'),
('Perishable', 69306, '4023435415084', 'Dessert - Chocolat en poudre', 245, 0.2, DATE '2018-04-07', '54.53', '/img/PM/P/0/06/0P_69306.gif'),
('Perishable', 10261, '4232926460458', 'Nesquik - Chocolat en poudre', 139, 0.2, DATE '2018-03-04', '54.53', '/img/PM/P/0/61/0P_10261.gif'),
('Perishable', 113153, '4763518910240', 'Kao Choc - Chocolat en poudre', 142, 0.2, DATE '2018-04-01', '54.53', '/img/PM/P/0/53/0P_113153.gif'); 
INSERT INTO PUBLIC.ARTICLE(DTYPE, ID, EAN, NAME, PRICE, VAT, BESTBEFORE, LOT, IMG) VALUES
('Perishable', 16917, '4709647878222', 'Chocolat en poudre', 195, 0.2, DATE '2017-12-04', '54.53', '/img/PM/P/0/17/0P_16917.gif'),
('Perishable', 5715, '4396317470266', 'Kao choc - Chocolat en poudre', 163, 0.2, DATE '2017-12-05', '54.53', '/img/PM/P/0/15/0P_5715.gif'),
('Perishable', 155217, '4576423975883', 'Mon premier Nesquik - Chocolat en poudre', 280, 0.2, DATE '2018-01-02', '54.53', '/img/PM/P/0/17/0P_155217.gif'),
('Perishable', 320512, '4118684687662', 'Chocolat en poudre bio', 149, 0.2, DATE '2018-02-06', '54.53', '/img/PM/P/0/12/0P_320512.gif'),
('Perishable', 101211, '4955191752962', 'Céréales et chocolat instantané', 325, 0.2, DATE '2018-04-03', '54.53', '/img/PM/P/0/11/0P_101211.gif'),
('Perishable', 106427, '4478292703814', 'Tonimalt - Chocolat en poudre', 315, 0.2, DATE '2017-12-06', '54.53', '/img/PM/P/0/27/0P_106427.gif'),
('Perishable', 166298, '4248052520684', 'Expert Tout en 1 - Tablettes lave-vaisselle Ultimate hydrofilm', 869, 0.2, DATE '2018-04-07', '4.18', '/img/PM/P/0/98/0P_166298.gif'),
('Perishable', 171970, '4927828073568', 'Tout en 1 - Tablettes lave-vaisselle hydrofilm', 1815, 0.2, DATE '2018-04-07', '4.18', '/img/PM/P/0/70/0P_171970.gif'),
('Perishable', 191822, '4538381452818', 'Expert Extra Shine &amp; Protect - Gel lave-vaisselle tout en 1', 809, 0.2, DATE '2018-05-04', '4.18', '/img/PM/P/0/22/0P_191822.gif'),
('Perishable', 330080, '4302011659852', 'Tout en 1 - Tablettes lave-vaisselle', 1289, 0.2, DATE '2018-03-02', '4.18', '/img/PM/P/0/80/0P_330080.gif'),
('Perishable', 191821, '4794925522343', 'Expert Extra Power - Gel lave-vaisselle tout en 1', 809, 0.2, DATE '2017-12-03', '4.18', '/img/PM/P/0/21/0P_191821.gif'),
('Perishable', 5258, '4223519478198', 'Tout en 1 - Tablettes lave-vaisselle hydrofilm', 549, 0.2, DATE '2018-03-07', '4.18', '/img/PM/P/0/58/0P_5258.gif'),
('Perishable', 166283, '4281572208682', 'Expert Tout en 1 - Tablettes lave-vaisselle Extra Shine hydrofilm', 935, 0.2, DATE '2018-05-06', '4.18', '/img/PM/P/0/83/0P_166283.gif'),
('Perishable', 180758, '4929182358438', 'Tout en 1 - Tablettes lave-vaisselle Citron hydrofilm', 785, 0.2, DATE '2017-11-02', '4.18', '/img/PM/P/0/58/0P_180758.gif'),
('Perishable', 91670, '4198495230138', 'Tout en 1 - Tablettes lave-vaisselle hydrofilm', 785, 0.2, DATE '2018-01-07', '4.18', '/img/PM/P/0/70/0P_91670.gif'),
('Perishable', 183387, '4166766267289', 'Tout en 1 - Gel pour lave-vaisselle Turbo', 795, 0.2, DATE '2018-03-01', '4.18', '/img/PM/P/0/87/0P_183387.gif'),
('Perishable', 24930, '4677213856607', 'Tout en 1 - Tablettes lave-vaisselle Citron hydrofilm', 549, 0.2, DATE '2018-03-05', '4.18', '/img/PM/P/0/30/0P_24930.gif'),
('Perishable', 330077, '4835797145264', 'Classic - Gel liquide lave-vaisselle', 799, 0.2, DATE '2018-03-03', '4.18', '/img/PM/P/0/77/0P_330077.gif'),
('Perishable', 192225, '4896724643564', 'Classic - Poudre de lavage lave-vaisselle', 979, 0.2, DATE '2018-04-01', '4.18', '/img/PM/P/0/25/0P_192225.gif'),
('Perishable', 192243, '4782472005380', 'Liquide vaisselle Basilic Thym', 129, 0.2, DATE '2018-02-02', '4.18', '/img/PM/P/0/43/0P_192243.gif'),
('Perishable', 342521, '4683272574957', 'AUCHAN EPONGES GRATTANTES', 130, 0.2, DATE '2018-05-06', '4.18', '/img/PM/P/0/21/0P_342521.gif'),
('Perishable', 116172, '4576451483301', 'Gants de vaisselle taille M', 127, 0.2, DATE '2018-01-02', '4.18', '/img/PM/P/0/72/0P_116172.gif'),
('Perishable', 14132, '4187986437338', 'Tablettes lave-vaisselle à la menthe', 1196, 0.2, DATE '2018-05-01', '4.18', '/img/PM/P/0/94/0P_47794.gif'),
('Perishable', 21715, '4891010583553', 'Liquide vaisselle concentré', 208, 0.2, DATE '2017-12-05', '4.18', '/img/PM/P/0/38/0P_325338.gif'),
('Perishable', 14137, '4638761285289', 'Eponges grattantes', 230, 0.2, DATE '2018-04-01', '4.18', '/img/PM/P/0/23/0P_88123.gif'),
('Perishable', 14280, '4034786441348', 'Sacs poubelle 30 L 100% recyclé', 298, 0.2, DATE '2017-11-01', '4.18', '/img/PM/P/0/96/0P_146096.gif');               
INSERT INTO PUBLIC.ARTICLE(DTYPE, ID, EAN, NAME, PRICE, VAT, BESTBEFORE, LOT, IMG) VALUES
('Perishable', 14284, '4039913423372', 'Sacs poubelle 50 L 100% recyclé Résistant', 598, 0.2, DATE '2018-05-05', '4.18', '/img/PM/P/0/16/0P_85216.gif'),
('Perishable', 9062, '4065729294823', 'Filtres à thé', 195, 0.2, DATE '2017-12-07', '4.18', '/img/PM/P/0/62/0P_9062.gif'),
('Perishable', 142761, '4842515527976', 'Bougies anniversaires Roses ou Bleues', 179, 0.2, DATE '2017-11-01', '4.18', '/img/PM/P/0/61/0P_142761.gif'),
('Perishable', 35928, '4700343454765', 'Sacs à couches avec poignées', 174, 0.2, DATE '2018-01-03', '4.18', '/img/PM/P/0/28/0P_35928.gif'),
('Perishable', 153846, '4650588238028', 'Liquide vaisselle et mains à l''Algue marine', 359, 0.2, DATE '2017-12-06', '4.18', '/img/PM/P/0/46/0P_153846.gif'),
('Perishable', 192512, '4623998207923', 'Gratounett'' Stop-Graisse - Eponge grattante', 299, 0.2, DATE '2018-02-04', '4.18', '/img/PM/P/0/12/0P_192512.gif'),
('Perishable', 13015, '4388931925510', 'Flash Éponge grattante', 265, 0.2, DATE '2018-01-06', '4.18', '/img/PM/P/0/15/0P_13015.gif'),
('Perishable', 342518, '4704315092340', 'Éponges grattantes multi-usages', 243, 0.2, DATE '2018-05-02', '4.18', '/img/PM/P/0/18/0P_342518.gif'),
('Perishable', 16301, '4903570326158', 'Trio Junior - Eponges ergonomiques', 189, 0.2, DATE '2017-12-06', '4.18', '/img/PM/P/0/01/0P_16301.gif'),
('Perishable', 13025, '4102506292221', 'Tradition - Eponges', 139, 0.2, DATE '2018-02-02', '4.18', '/img/PM/P/0/25/0P_13025.gif'),
('Perishable', 95192, '4463764100594', 'Éponges grattantes fibres 100% recyclées', 295, 0.2, DATE '2018-05-05', '4.18', '/img/PM/P/0/92/0P_95192.gif'),
('Perishable', 100355, '4541966780181', 'Gratte-Eponge super efficace', 175, 0.2, DATE '2018-04-02', '4.18', '/img/PM/P/0/55/0P_100355.gif'),
('Perishable', 194452, '4017715404364', 'Éponges grattantes ultra efficaces vaiselle', 295, 0.2, DATE '2017-12-03', '4.18', '/img/PM/P/0/52/0P_194452.gif'),
('Perishable', 13024, '4022822923661', 'Tradition - Eponge végétale super absorbante', 189, 0.2, DATE '2018-02-06', '4.18', '/img/PM/P/0/24/0P_13024.gif'),
('Perishable', 112546, '4769186078552', 'Salsa - Eponges grattantes spéciales salle de bain', 275, 0.2, DATE '2018-04-01', '4.18', '/img/PM/P/0/46/0P_112546.gif'),
('Perishable', 58780, '4647697044194', 'Eponges non rayantes, surface technique vitro, inox...', 138, 0.2, DATE '2018-05-04', '4.18', '/img/PM/P/0/80/0P_58780.gif'),
('Perishable', 342517, '4688670841518', 'Basique - Éponges grattantes Multi-usage', 132, 0.2, DATE '2018-01-05', '4.18', '/img/PM/P/0/17/0P_342517.gif'),
('Perishable', 16601, '4540409691274', 'Tiponge - Tissus éponge extra souple pour nettoyage délicat', 285, 0.2, DATE '2018-04-04', '4.18', '/img/PM/P/0/01/0P_16601.gif'),
('Perishable', 170808, '4013530722122', 'Eponge grattante verte XXL', 309, 0.2, DATE '2018-02-07', '4.18', '/img/PM/P/0/08/0P_170808.gif'),
('Perishable', 83040, '4790563622279', 'Éponges grattantes', 309, 0.2, DATE '2018-03-03', '4.18', '/img/PM/P/0/40/0P_83040.gif'),
('Perishable', 13032, '4256695121371', 'Eponges grattantes stop-graisse', 189, 0.2, DATE '2018-04-06', '4.18', '/img/PM/P/0/32/0P_13032.gif'),
('Perishable', 58781, '4728889571468', 'Eponges grattantes', 60, 0.2, DATE '2018-02-04', '4.18', '/img/PM/P/0/81/0P_58781.gif'),
('Perishable', 342520, '4382900799039', 'Éponges grattantes spéciales vaisselle fragile', 130, 0.2, DATE '2018-03-06', '4.18', '/img/PM/P/0/20/0P_342520.gif'),
('Perishable', 112545, '4062097042530', 'Eponges grattantes spéciales salle de bain', 133, 0.2, DATE '2017-11-01', '4.18', '/img/PM/P/0/45/0P_112545.gif'),
('Perishable', 129687, '4918268285676', 'Lavette microfibre', 527, 0.2, DATE '2017-12-06', '4.18', '/img/PM/P/0/87/0P_129687.gif');           
INSERT INTO PUBLIC.ARTICLE(DTYPE, ID, EAN, NAME, PRICE, VAT, BESTBEFORE, LOT, IMG) VALUES
('Perishable', 129688, '4802445998295', 'Lavette microfibre vitres', 399, 0.2, DATE '2017-12-04', '4.18', '/img/PM/P/0/88/0P_129688.gif'),
('Perishable', 73328, '4676305207948', '5 Carrés absorbants souples', 105, 0.2, DATE '2018-05-03', '4.18', '/img/PM/P/0/28/0P_73328.gif'),
('Perishable', 116171, '4584457483651', 'Gants de vaisselle taille S', 127, 0.2, DATE '2018-01-04', '4.18', '/img/PM/P/0/71/0P_116171.gif'),
('Perishable', 7691, '4740707996660', 'Peaux sensibles - Gants fins satinés en latex taille L', 305, 0.2, DATE '2018-02-05', '4.18', '/img/PM/P/0/91/0P_7691.gif'),
('Perishable', 1622, '4167047225662', 'Ultra résistant - Gants ultra résistants taille M', 205, 0.2, DATE '2018-03-02', '4.18', '/img/PM/P/0/22/0P_1622.gif'),
('Perishable', 116173, '4945332530006', 'Gants de vaisselle taille L', 127, 0.2, DATE '2018-01-02', '4.18', '/img/PM/P/0/73/0P_116173.gif'),
('Perishable', 16906, '4613942445407', 'Peaux sensibles - Gants fins satinés en latex taille M', 305, 0.2, DATE '2018-02-01', '4.18', '/img/PM/P/0/06/0P_16906.gif'),
('Perishable', 7689, '4108618597684', 'Peaux sensibles - Gants fins satinés en latex taille S', 305, 0.2, DATE '2018-05-03', '4.18', '/img/PM/P/0/89/0P_7689.gif'),
('Perishable', 237258, '4594150608753', 'Powerball Tout en 1 Max - Tablettes lave-vaisselle', 849, 0.2, DATE '2018-05-06', '4.18', '/img/PM/P/0/58/0P_237258.gif'),
('Perishable', 180548, '4438269935723', 'Gel concentré Tout en 1', 919, 0.2, DATE '2018-02-06', '4.18', '/img/PM/P/0/48/0P_180548.gif'),
('Perishable', 183427, '4634651135575', 'Tout en 1 - Tablettes pour lave-vaisselle', 879, 0.2, DATE '2018-01-01', '4.18', '/img/PM/P/0/27/0P_183427.gif'),
('Perishable', 184201, '4858831835065', 'Tout en 1 - Pastilles lave-vaisselle hydrosolubles', 604, 0.2, DATE '2018-03-07', '4.18', '/img/PM/P/0/01/0P_184201.gif'),
('Perishable', 153017, '4861324461197', 'Pastilles lave-vaisselle hydrosolubles Tout en 1', 604, 0.2, DATE '2018-03-02', '4.18', '/img/PM/P/0/17/0P_153017.gif'),
('Perishable', 180426, '4473848403870', 'Tout en 1 - Gel de lavage pour lave-vaisselle Parfum Citron', 575, 0.2, DATE '2018-03-04', '4.18', '/img/PM/P/0/26/0P_180426.gif'),
('Perishable', 141241, '4871224459027', 'Tablettes lave-vaisselle Tout en 1', 699, 0.2, DATE '2018-02-05', '4.18', '/img/PM/P/0/41/0P_141241.gif'),
('Perishable', 144957, '4426704439134', 'Tout en 1 - Tablettes pour lave-vaisselle', 645, 0.2, DATE '2018-04-02', '4.18', '/img/PM/P/0/57/0P_144957.gif'),
('Perishable', 145571, '4070458049884', 'Quantum - Tablettes pour lave-vaisselle', 845, 0.2, DATE '2018-03-01', '4.18', '/img/PM/P/0/71/0P_145571.gif'),
('Perishable', 47794, '4728565704854', 'Tablettes lave-vaisselle à la menthe', 598, 0.2, DATE '2018-03-04', '4.18', '/img/PM/P/0/94/0P_47794.gif'),
('Perishable', 11587, '4905025446789', 'Classic - Tablettes pour lave-vaisselle', 539, 0.2, DATE '2018-03-05', '4.18', '/img/PM/P/0/87/0P_11587.gif'),
('Perishable', 145449, '4057170711416', 'Powerball Classic - Tablettes lave-vaisselle', 799, 0.2, DATE '2018-05-03', '4.18', '/img/PM/P/0/49/0P_145449.gif'),
('Perishable', 183310, '4596510894681', 'Pastilles lave-vaisselle citron', 484, 0.2, DATE '2018-05-05', '4.18', '/img/PM/P/0/10/0P_183310.gif'),
('Perishable', 192517, '4316929979409', 'Powerball Quantum - Tablettes lave-vaisselle', 1279, 0.2, DATE '2018-03-04', '4.18', '/img/PM/P/0/17/0P_192517.gif'),
('Perishable', 10454, '4700910585234', 'Poudre de lavage en pastilles', 484, 0.2, DATE '2018-04-07', '4.18', '/img/PM/P/0/54/0P_10454.gif'),
('Perishable', 36027, '4909508454807', 'Classic - Tablettes de lavage au citron', 595, 0.2, DATE '2018-01-02', '4.18', '/img/PM/P/0/27/0P_36027.gif'),
('Perishable', 105085, '4176230807855', 'Liquide de rinçage', 545, 0.2, DATE '2018-02-07', '4.18', '/img/PM/P/0/85/0P_105085.gif'),
('Perishable', 16843, '4521280338371', 'Liquide de rinçage pour  lave-vaisselle', 349, 0.2, DATE '2018-01-04', '4.18', '/img/PM/P/0/43/0P_16843.gif');              
INSERT INTO PUBLIC.ARTICLE(DTYPE, ID, EAN, NAME, PRICE, VAT, BESTBEFORE, LOT, IMG) VALUES
('Perishable', 7882, '4465594513385', 'Sel régénérant', 297, 0.2, DATE '2018-01-04', '4.18', '/img/PM/P/0/82/0P_7882.gif'),
('Perishable', 1712, '4257578244646', 'Classic - Sel régénérant lave-vaisselle', 329, 0.2, DATE '2018-01-05', '4.18', '/img/PM/P/0/12/0P_1712.gif'),
('Perishable', 10385, '4284413551440', 'Protector - Anti-corrosion du verre', 399, 0.2, DATE '2018-02-04', '4.18', '/img/PM/P/0/85/0P_10385.gif'),
('Perishable', 88640, '4067967238095', 'Désodorisant lave vaisselle agrumes', 237, 0.2, DATE '2018-05-04', '4.18', '/img/PM/P/0/40/0P_88640.gif'),
('Perishable', 41786, '4623773820189', 'Expert - Nettoyant lave-vaisselle', 405, 0.2, DATE '2018-02-05', '4.18', '/img/PM/P/0/86/0P_41786.gif'),
('Perishable', 2897, '4682735970440', 'Nettoyant lave-vaisselle', 379, 0.2, DATE '2018-03-07', '4.18', '/img/PM/P/0/97/0P_2897.gif'),
('Perishable', 155276, '4602738548543', 'Excel + - Liquide vaisselle expert dégraissage', 195, 0.2, DATE '2018-04-01', '4.18', '/img/PM/P/0/76/0P_155276.gif'),
('Perishable', 183383, '4832523446513', 'Secrets de Sels - Liquide vaisselle Sels Minéraux', 169, 0.2, DATE '2018-01-04', '4.18', '/img/PM/P/0/83/0P_183383.gif'),
('Perishable', 65955, '4144943335457', 'Liquide vaisselle dermosensitive', 165, 0.2, DATE '2017-12-01', '4.18', '/img/PM/P/0/55/0P_65955.gif'),
('Perishable', 58980, '4026378627326', 'Liquide Vaisselle &amp; Mains Peaux Sensibles', 165, 0.2, DATE '2018-03-04', '4.18', '/img/PM/P/0/80/0P_58980.gif'),
('Perishable', 325338, '4160863534800', 'Liquide vaisselle concentré', 104, 0.2, DATE '2018-04-06', '4.18', '/img/PM/P/0/38/0P_325338.gif'),
('Perishable', 116801, '4235235775464', 'Liquide Vaisselle &amp; Mains à l''Amande', 165, 0.2, DATE '2017-12-03', '4.18', '/img/PM/P/0/01/0P_116801.gif'),
('Perishable', 211179, '4825803290613', 'Boost - Liquide vaisselle Citron &amp; pamplemousse', 219, 0.2, DATE '2017-12-07', '4.18', '/img/PM/P/0/79/0P_211179.gif'),
('Perishable', 5191, '4022840578957', 'Liquide vaisselle au citron vert', 165, 0.2, DATE '2018-05-04', '4.18', '/img/PM/P/0/91/0P_5191.gif'),
('Perishable', 16613, '4586845318940', 'Citron - Liquide vaisselle', 165, 0.2, DATE '2018-03-07', '4.18', '/img/PM/P/0/13/0P_16613.gif'),
('Perishable', 182046, '4604588191470', 'Secrets de Vinaigre - Liquide vaisselle Pomme Poire', 179, 0.2, DATE '2018-05-03', '4.18', '/img/PM/P/0/46/0P_182046.gif'),
('Perishable', 333887, '4020911796024', 'Liquide vaisselle Citron', 62, 0.2, DATE '2018-05-06', '4.18', '/img/PM/P/0/87/0P_333887.gif'),
('Perishable', 176280, '4330943198848', 'Secrets de Vinaigre - Liquide vaisselle Framboise Groseille', 179, 0.2, DATE '2018-03-05', '4.18', '/img/PM/P/0/80/0P_176280.gif'),
('Perishable', 172611, '4568824108328', 'Secrets de Cuisinier - Liquide vaisselle Bicarbonate, Zeste de Citron', 179, 0.2, DATE '2018-04-05', '4.18', '/img/PM/P/0/11/0P_172611.gif'),
('Perishable', 241471, '4275878509596', 'Produits vaisselle et mains Romarin', 195, 0.2, DATE '2018-03-05', '4.18', '/img/PM/P/0/71/0P_241471.gif'),
('Perishable', 316069, '4960221381962', 'Liquide vaisselle Tradi Citron', 134, 0.2, DATE '2018-05-03', '4.18', '/img/PM/P/0/69/0P_316069.gif'),
('Perishable', 332248, '4340653729047', 'Secrets de vinaigre - Liquide Vaiselle Pamplemousse', 179, 0.2, DATE '2018-02-04', '4.18', '/img/PM/P/0/48/0P_332248.gif'),
('Perishable', 316610, '4057723027239', 'Liquide vaisselle Anti Odeur', 129, 0.2, DATE '2018-01-06', '4.18', '/img/PM/P/0/10/0P_316610.gif'),
('Perishable', 316611, '4602458815116', 'Liquide vaisselle Flash Désincrustant', 129, 0.2, DATE '2017-11-01', '4.18', '/img/PM/P/0/11/0P_316611.gif'),
('Perishable', 316070, '4327909701051', 'Liquide vaisselle Vinaigre Framboise', 139, 0.2, DATE '2018-05-05', '4.18', '/img/PM/P/0/70/0P_316070.gif'),
('Perishable', 99822, '4225253117518', 'Secrets de Fleurs - Liquide vaisselle Cerisier Impérial', 169, 0.2, DATE '2017-12-04', '4.18', '/img/PM/P/0/22/0P_99822.gif');      
INSERT INTO PUBLIC.ARTICLE(DTYPE, ID, EAN, NAME, PRICE, VAT, BESTBEFORE, LOT, IMG) VALUES
('Perishable', 153777, '4279572784045', 'Secret de Cuisinier - Liquide vaisselle  à l''Ecorce d''orange', 169, 0.2, DATE '2018-05-05', '4.18', '/img/PM/P/0/77/0P_153777.gif'),
('Perishable', 328859, '4827142643468', 'Liquide vaisselle Fleur d''Amandier', 116, 0.2, DATE '2017-12-05', '4.18', '/img/PM/P/0/59/0P_328859.gif'),
('Perishable', 316608, '4587877753088', 'Liquide vaisselle Anti-Bactérien', 129, 0.2, DATE '2017-12-04', '4.18', '/img/PM/P/0/08/0P_316608.gif'),
('Perishable', 316071, '4488095210749', 'Liquide vaisselle Vinaigre Pomme', 139, 0.2, DATE '2018-03-06', '4.18', '/img/PM/P/0/71/0P_316071.gif'),
('Product', 317675, '4844806960510', 'B2P - Stylo gel rétractable bleu', 165, 0.2, NULL, NULL, '/img/PM/P/0/75/0P_317675.gif'),
('Product', 317375, '4027431901344', 'Inkjoy100 - Stylo bille rouge', 45, 0.2, NULL, NULL, '/img/PM/P/0/75/0P_317375.gif'),
('Product', 317701, '4865335631006', 'G2 - Stylo bille rétractable noir', 185, 0.2, NULL, NULL, '/img/PM/P/0/01/0P_317701.gif'),
('Product', 317639, '4880817645792', 'G1-Grip 07 - Stylo bille à encre gel vert', 165, 0.2, NULL, NULL, '/img/PM/P/0/39/0P_317639.gif'),
('Product', 317519, '4142594457735', 'Inkjoy 300 - Stylo rétractable bleu', 95, 0.2, NULL, NULL, '/img/PM/P/0/19/0P_317519.gif'),
('Product', 317596, '4048417616948', 'Atlantis - Stylo bille bleu', 149, 0.2, NULL, NULL, '/img/PM/P/0/96/0P_317596.gif'),
('Product', 317678, '4531264383978', 'B2P - Stylo gel rétractable vert', 165, 0.2, NULL, NULL, '/img/PM/P/0/78/0P_317678.gif'),
('Product', 101440, '4655601617411', 'Stylos bille Noir', 125, 0.2, NULL, NULL, '/img/PM/P/0/40/0P_101440.gif'),
('Product', 317597, '4901831978837', 'Atlantis - Stylo bille noir', 149, 0.2, NULL, NULL, '/img/PM/P/0/97/0P_317597.gif'),
('Product', 317380, '4116957661583', 'Bic Cristal Grip - Stylo bille bleu', 49, 0.2, NULL, NULL, '/img/PM/P/0/80/0P_317380.gif'),
('Product', 317520, '4854047582857', 'Inkjoy 300 - Stylo rétractable noir', 95, 0.2, NULL, NULL, '/img/PM/P/0/20/0P_317520.gif'),
('Product', 318137, '4173288577721', 'G2 Fun - Pochette de stylos bille pointe moyenne', 629, 0.2, NULL, NULL, '/img/PM/P/0/37/0P_318137.gif'),
('Product', 158046, '4972047572467', 'Inkjoy Grip - Stylo 4 couleurs', 219, 0.2, NULL, NULL, '/img/PM/P/0/46/0P_158046.gif'),
('Product', 317381, '4320847151772', 'Bic Cristal Grip - Stylo bille noir', 49, 0.2, NULL, NULL, '/img/PM/P/0/81/0P_317381.gif'),
('Product', 317700, '4520853747009', 'G2 - Stylo bille rétractable bleu', 185, 0.2, NULL, NULL, '/img/PM/P/0/00/0P_317700.gif'),
('Product', 317636, '4391429812950', 'G1-Grip 07 - Stylo bille à encre gel bleu', 165, 0.2, NULL, NULL, '/img/PM/P/0/36/0P_317636.gif'),
('Product', 101442, '4656609605496', 'Stylo bille 4 couleurs retractable', 139, 0.2, NULL, NULL, '/img/PM/P/0/42/0P_101442.gif'),
('Product', 317815, '4447810549757', 'Inkjoy Grip - Stylo 4 couleurs', 219, 0.2, NULL, NULL, '/img/PM/P/0/15/0P_317815.gif'),
('Product', 317363, '4432121893069', 'Bic Cristal - Stylo bille vert', 39, 0.2, NULL, NULL, '/img/PM/P/0/63/0P_317363.gif'),
('Product', 317676, '4827584902673', 'B2P - Roller encre gel rétractable noir', 165, 0.2, NULL, NULL, '/img/PM/P/0/76/0P_317676.gif'),
('Product', 101441, '4026451122260', 'Stylos bille cristal', 125, 0.2, NULL, NULL, '/img/PM/P/0/41/0P_101441.gif'),
('Product', 317362, '4156099787047', 'Bic Cristal - Stylo bille rouge', 39, 0.2, NULL, NULL, '/img/PM/P/0/62/0P_317362.gif'),
('Product', 317651, '4859200785026', 'B2P - Stylo bille vert rechargeable', 165, 0.2, NULL, NULL, '/img/PM/P/0/51/0P_317651.gif'),
('Product', 317648, '4774032644394', 'B2P - Stylo bille bleu rechargeable', 165, 0.2, NULL, NULL, '/img/PM/P/0/48/0P_317648.gif'),
('Product', 317374, '4658961444988', 'Inkjoy100 - Stylo bille noir', 45, 0.2, NULL, NULL, '/img/PM/P/0/74/0P_317374.gif');        
INSERT INTO PUBLIC.ARTICLE(DTYPE, ID, EAN, NAME, PRICE, VAT, BESTBEFORE, LOT, IMG) VALUES
('Product', 317598, '4155019720373', 'Atlantis - Stylo bille rouge', 149, 0.2, NULL, NULL, '/img/PM/P/0/98/0P_317598.gif'),
('Product', 317383, '4366671573889', 'Bic Cristal Grip - Stylo bille vert', 49, 0.2, NULL, NULL, '/img/PM/P/0/83/0P_317383.gif'),
('Product', 317382, '4563605239097', 'Bic Cristal Grip - Stylo bille rouge', 49, 0.2, NULL, NULL, '/img/PM/P/0/82/0P_317382.gif'),
('Product', 317637, '4561138066785', 'G1-Grip 07 - Stylo bille à encre gel noir', 165, 0.2, NULL, NULL, '/img/PM/P/0/37/0P_317637.gif'),
('Product', 317677, '4413701694667', 'B2P - Stylo gel rétractable rouge', 165, 0.2, NULL, NULL, '/img/PM/P/0/77/0P_317677.gif'),
('Product', 346868, '4975752475011', 'Kids - Twist Ergo - Stylo bille bleu rétractable', 229, 0.2, NULL, NULL, '/img/PM/P/0/68/0P_346868.gif'),
('Product', 317595, '4111137621222', 'Stylo bille 4 couleurs', 95, 0.2, NULL, NULL, '/img/PM/P/0/95/0P_317595.gif'),
('Product', 317703, '4533896702039', 'G2 - Stylo bille rétractable vert', 185, 0.2, NULL, NULL, '/img/PM/P/0/03/0P_317703.gif'),
('Product', 317373, '4745413098999', 'Inkjoy100 - Stylo bille bleu', 45, 0.2, NULL, NULL, '/img/PM/P/0/73/0P_317373.gif'),
('Product', 317649, '4064341198807', 'B2P - Stylo bille noir rechargeable', 165, 0.2, NULL, NULL, '/img/PM/P/0/49/0P_317649.gif'),
('Product', 317650, '4434143321355', 'B2P - Stylo bille rouge rechargeable', 165, 0.2, NULL, NULL, '/img/PM/P/0/50/0P_317650.gif'),
('Product', 317599, '4531294294370', 'Atlantis - Stylo bille vert', 149, 0.2, NULL, NULL, '/img/PM/P/0/99/0P_317599.gif'),
('Product', 297081, '4161367652996', 'Stylos bille multicouleurs', 275, 0.2, NULL, NULL, '/img/PM/P/0/81/0P_297081.gif'),
('Product', 317361, '4698065492480', 'Bic Cristal - Stylo bille noir', 39, 0.2, NULL, NULL, '/img/PM/P/0/61/0P_317361.gif'),
('Product', 317376, '4897907652483', 'Inkjoy100 - Stylo bille vert', 45, 0.2, NULL, NULL, '/img/PM/P/0/76/0P_317376.gif'),
('Product', 317702, '4512524376574', 'G2 - Stylo bille rétractable rouge', 185, 0.2, NULL, NULL, '/img/PM/P/0/02/0P_317702.gif'),
('Product', 317638, '4410150099981', 'G1-Grip 07 - Stylo bille à encre gel rouge', 165, 0.2, NULL, NULL, '/img/PM/P/0/38/0P_317638.gif'),
('Product', 101439, '4183246988580', 'Stylos bille cristal Bleu', 125, 0.2, NULL, NULL, '/img/PM/P/0/39/0P_101439.gif'),
('Product', 317521, '4423535581775', 'Inkjoy 300 - Stylo rétractable rouge', 95, 0.2, NULL, NULL, '/img/PM/P/0/21/0P_317521.gif'),
('Product', 294902, '4598086847596', 'Kids - Twist Ergo - Recharges pour stylo bille bleu', 129, 0.2, NULL, NULL, '/img/PM/P/0/02/0P_294902.gif'),
('Product', 63826, '4531323639648', 'Stylos bille Rouge, Noir et Bleu', 555, 0.2, NULL, NULL, '/img/PM/P/0/26/0P_63826.gif'),
('Product', 318078, '4895217310027', 'Nylon Flair - Stylos feutre nylon', 399, 0.2, NULL, NULL, '/img/PM/P/0/78/0P_318078.gif'),
('Product', 317359, '4131150838214', 'Stylo feutre noir', 30, 0.2, NULL, NULL, '/img/PM/P/0/59/0P_317359.gif'),
('Product', 317593, '4922444305702', 'Nylon Flair - Stylo feutre vert', 99, 0.2, NULL, NULL, '/img/PM/P/0/93/0P_317593.gif'),
('Product', 11195, '4681552303571', 'Roller V - Stylo feutre Noir pointe métal', 195, 0.2, NULL, NULL, '/img/PM/P/0/95/0P_11195.gif'),
('Product', 317592, '4687043304846', 'Nylon Flair - Stylo feutre rouge', 99, 0.2, NULL, NULL, '/img/PM/P/0/92/0P_317592.gif'),
('Product', 106465, '4891163888437', 'Stylo feutre Bleu', 165, 0.2, NULL, NULL, '/img/PM/P/0/65/0P_106465.gif'),
('Product', 318077, '4165251263251', 'Nylon Flair - Stylos feutre nylon', 399, 0.2, NULL, NULL, '/img/PM/P/0/77/0P_318077.gif'),
('Product', 317358, '4282596210905', 'Stylo feutre bleu', 30, 0.2, NULL, NULL, '/img/PM/P/0/58/0P_317358.gif'),
('Product', 317628, '4079475289370', 'Stylist - Stylo feutre bleu', 140, 0.2, NULL, NULL, '/img/PM/P/0/28/0P_317628.gif'),
('Product', 152042, '4838049248121', 'Stylos feutres couleurs 0.4 mm', 650, 0.2, NULL, NULL, '/img/PM/P/0/42/0P_152042.gif');     
INSERT INTO PUBLIC.ARTICLE(DTYPE, ID, EAN, NAME, PRICE, VAT, BESTBEFORE, LOT, IMG) VALUES
('Product', 317630, '4478770675630', 'Stylist - Stylo feutre rouge', 140, 0.2, NULL, NULL, '/img/PM/P/0/30/0P_317630.gif'),
('Product', 317629, '4515799728488', 'Stylist - Stylo feutre noir', 149, 0.2, NULL, NULL, '/img/PM/P/0/29/0P_317629.gif'),
('Product', 292763, '4612674201455', 'Point88 - Feutres pointe fine', 399, 0.2, NULL, NULL, '/img/PM/P/0/63/0P_292763.gif'),
('Product', 317590, '4333708412245', 'Nylon Flair - Stylo feutre bleu', 99, 0.2, NULL, NULL, '/img/PM/P/0/90/0P_317590.gif'),
('Product', 317501, '4538448306113', 'Greenpoint - Feutre d''écriture noir', 99, 0.2, NULL, NULL, '/img/PM/P/0/01/0P_317501.gif'),
('Product', 317503, '4377280483986', 'Greenpoint - Feutre d''écriture vert', 99, 0.2, NULL, NULL, '/img/PM/P/0/03/0P_317503.gif'),
('Product', 317591, '4422109627251', 'Nylon Flair - Stylo feutre noir', 99, 0.2, NULL, NULL, '/img/PM/P/0/91/0P_317591.gif'),
('Product', 317360, '4002102829870', 'Stylo feutre rouge', 30, 0.2, NULL, NULL, '/img/PM/P/0/60/0P_317360.gif'),
('Product', 317962, '4526378418018', 'Greenpoint - Feutres d''écriture', 399, 0.2, NULL, NULL, '/img/PM/P/0/62/0P_317962.gif'),
('Product', 317640, '4885411134398', 'Stylo plume bleu', 195, 0.2, NULL, NULL, '/img/PM/P/0/40/0P_317640.gif'),
('Product', 317669, '4165565119253', 'Stylo plume - référence aléatoire', 195, 0.2, NULL, NULL, '/img/PM/P/0/69/0P_317669.gif'),
('Product', 317864, '4602978738033', 'Easy Grip - Stylo plume bleu et blanc', 300, 0.2, NULL, NULL, '/img/PM/P/0/64/0P_317864.gif'),
('Product', 317751, '4835105860545', 'Pilot V-Ball - Roller encre liquide bleue', 195, 0.2, NULL, NULL, '/img/PM/P/0/51/0P_317751.gif'),
('Product', 317756, '4740173320230', 'Tubulaire V7 - Roller encre liquide noire', 189, 0.2, NULL, NULL, '/img/PM/P/0/56/0P_317756.gif'),
('Product', 318190, '4106796323007', 'Pilot V-Ball - Pochette de rollers à pointe métal', 699, 0.2, NULL, NULL, '/img/PM/P/0/90/0P_318190.gif'),
('Product', 346872, '4926845509843', 'Frixion - Roller encre gel effaçable vert rétractable', 229, 0.2, NULL, NULL, '/img/PM/P/0/72/0P_346872.gif'),
('Product', 317752, '4890240590216', 'Pilot V-Ball - Roller encre liquide noire', 195, 0.2, NULL, NULL, '/img/PM/P/0/52/0P_317752.gif'),
('Product', 317791, '4004254118487', 'Frixion - Roller encre gel effaçable vert', 189, 0.2, NULL, NULL, '/img/PM/P/0/91/0P_317791.gif'),
('Product', 318073, '4248552880323', 'Easy Original Droitier - Roller encre bleu pour droitier', 549, 0.2, NULL, NULL, '/img/PM/P/0/73/0P_318073.gif'),
('Product', 318213, '4701914576282', 'Frixion Classique - Pochette de rollers effaçables', 699, 0.2, NULL, NULL, '/img/PM/P/0/13/0P_318213.gif'),
('Product', 317789, '4563114682728', 'Frixion - Roller encre gel effaçable rouge', 189, 0.2, NULL, NULL, '/img/PM/P/0/89/0P_317789.gif'),
('Product', 318191, '4806594055911', 'Tubulaire V7 - Pochette de stylos à encre liquide', 649, 0.2, NULL, NULL, '/img/PM/P/0/91/0P_318191.gif'),
('Product', 346876, '4078806042360', 'Frixion - Roller encre gel effaçable rose rétractable', 229, 0.2, NULL, NULL, '/img/PM/P/0/76/0P_346876.gif'),
('Product', 317755, '4485169429668', 'Tubulaire V7 - Roller encre liquide bleue', 189, 0.2, NULL, NULL, '/img/PM/P/0/55/0P_317755.gif'),
('Product', 317785, '4017417870985', 'Frixion - Roller encre gel effaçable bleu', 189, 0.2, NULL, NULL, '/img/PM/P/0/85/0P_317785.gif'),
('Product', 317409, '4761097869877', 'Stylo roller bleu', 49, 0.2, NULL, NULL, '/img/PM/P/0/09/0P_317409.gif'),
('Product', 318072, '4979858640099', 'Easy Original Gaucher - Roller encre bleu pour gaucher', 549, 0.2, NULL, NULL, '/img/PM/P/0/72/0P_318072.gif'),
('Product', 11196, '4142375625122', 'Crayon rollerball bleu', 195, 0.2, NULL, NULL, '/img/PM/P/0/96/0P_11196.gif'),
('Product', 317758, '4551506913173', 'Tubulaire V7 - Roller encre liquide vert', 189, 0.2, NULL, NULL, '/img/PM/P/0/58/0P_317758.gif');    
INSERT INTO PUBLIC.ARTICLE(DTYPE, ID, EAN, NAME, PRICE, VAT, BESTBEFORE, LOT, IMG) VALUES
('Product', 317786, '4930662110702', 'Frixion - Roller encre gel effaçable noir', 189, 0.2, NULL, NULL, '/img/PM/P/0/86/0P_317786.gif'),
('Product', 346870, '4063345726213', 'Frixion - Roller encre gel effaçable noir rétractable', 229, 0.2, NULL, NULL, '/img/PM/P/0/70/0P_346870.gif'),
('Product', 317790, '4495499943760', 'Frixion - Roller encre gel effaçable turquoise', 189, 0.2, NULL, NULL, '/img/PM/P/0/90/0P_317790.gif'),
('Product', 296586, '4823167135873', 'Frixion Ball - Rollers encre gel effaçable noir bleu et rouge', 759, 0.2, NULL, NULL, '/img/PM/P/0/86/0P_296586.gif'),
('Product', 317410, '4890368866177', 'Stylo roller noir', 49, 0.2, NULL, NULL, '/img/PM/P/0/10/0P_317410.gif'),
('Product', 318214, '4770033084048', 'Frixion Fun - Pochette de rollers effaçables', 699, 0.2, NULL, NULL, '/img/PM/P/0/14/0P_318214.gif'),
('Product', 317754, '4790607446749', 'Pilot V-Ball - Roller encre liquide vert', 195, 0.2, NULL, NULL, '/img/PM/P/0/54/0P_317754.gif'),
('Product', 346874, '4657723687073', 'Frixion - Roller encre gel effaçable violet rétractable', 229, 0.2, NULL, NULL, '/img/PM/P/0/74/0P_346874.gif'),
('Product', 327348, '4817329008420', 'Balladeur MP3 8 Go BWZ-NWE394L bleu', 9999, 0.2, NULL, NULL, '/img/PM/P/0/48/0P_327348.gif'),
('Product', 327353, '4239661681626', 'Balladeur MP3 4 Go NWZ-B183FB', 5999, 0.2, NULL, NULL, '/img/PM/P/0/53/0P_327353.gif'),
('Product', 327352, '4419959859591', 'Balladeur MP3 4 Go NWWS413L bleu', 9999, 0.2, NULL, NULL, '/img/PM/P/0/52/0P_327352.gif'),
('Product', 327347, '4038734773008', 'Balladeur MP3 8 Go NWZ-NWE394B noir', 9999, 0.2, NULL, NULL, '/img/PM/P/0/47/0P_327347.gif'),
('Product', 327367, '4915374434415', 'Balladeur MP3 4 Go NWZ-B183FR', 6999, 0.2, NULL, NULL, '/img/PM/P/0/67/0P_327367.gif'),
('Product', 327351, '4315787457971', 'Balladeur MP3 4 Go NWWS413G vert', 9999, 0.2, NULL, NULL, '/img/PM/P/0/51/0P_327351.gif'),
('Product', 327350, '4528288108228', 'Balladeur MP3 4 Go NWWS413B noir', 9999, 0.2, NULL, NULL, '/img/PM/P/0/50/0P_327350.gif'),
('Product', 327349, '4297957657358', 'Balladeur MP3 8 Go RWZ-NWE394R rouge', 9999, 0.2, NULL, NULL, '/img/PM/P/0/49/0P_327349.gif'),
('Product', 339968, '4392919123387', 'One Digital - Radio numérique bois-gris', 29999, 0.2, NULL, NULL, '/img/PM/P/0/68/0P_339968.gif'),
('Product', 327794, '4918533431543', 'Radio numérique blanche', 7999, 0.2, NULL, NULL, '/img/PM/P/0/94/0P_327794.gif'),
('Product', 327791, '4675996606266', 'Radio portable blanche', 3999, 0.2, NULL, NULL, '/img/PM/P/0/91/0P_327791.gif'),
('Product', 339967, '4629799672262', 'One Digital - Radio numérique blanc-gris', 29999, 0.2, NULL, NULL, '/img/PM/P/0/67/0P_339967.gif'),
('Product', 327792, '4852068235525', 'Radio portable grise', 3999, 0.2, NULL, NULL, '/img/PM/P/0/92/0P_327792.gif'),
('Product', 327778, '4483576524534', 'Radio analogique BA-10', 2999, 0.2, NULL, NULL, '/img/PM/P/0/78/0P_327778.gif'),
('Product', 327799, '4019422654800', 'Radio M-100D Noir', 4999, 0.2, NULL, NULL, '/img/PM/P/0/99/0P_327799.gif'),
('Product', 339969, '4303501181198', 'One Digital - Radio numérique noire', 29999, 0.2, NULL, NULL, '/img/PM/P/0/69/0P_339969.gif'),
('Product', 327800, '4600901807340', 'Radio AE5020/12', 6999, 0.2, NULL, NULL, '/img/PM/P/0/00/0P_327800.gif'),
('Product', 327795, '4506278181708', 'Radio numérique noire', 7499, 0.2, NULL, NULL, '/img/PM/P/0/95/0P_327795.gif'),
('Product', 327803, '4554913612622', 'Radio ICF 306', 4499, 0.2, NULL, NULL, '/img/PM/P/0/03/0P_327803.gif'),
('Product', 327793, '4637357601036', 'Radio portable noire', 3999, 0.2, NULL, NULL, '/img/PM/P/0/93/0P_327793.gif'),
('Product', 339966, '4310973325207', 'Evoke - Radio numérique H4 OAK', 17999, 0.2, NULL, NULL, '/img/PM/P/0/66/0P_339966.gif'),
('Product', 327802, '4268652872032', 'Radio SD700 Noir', 4999, 0.2, NULL, NULL, '/img/PM/P/0/02/0P_327802.gif');         
INSERT INTO PUBLIC.ARTICLE(DTYPE, ID, EAN, NAME, PRICE, VAT, BESTBEFORE, LOT, IMG) VALUES
('Product', 327796, '4471828962663', 'Radio M-051 R Noir', 1999, 0.2, NULL, NULL, '/img/PM/P/0/96/0P_327796.gif'),
('Product', 327798, '4740503161407', 'Radio M-100D Blanc', 4999, 0.2, NULL, NULL, '/img/PM/P/0/98/0P_327798.gif'),
('Product', 327797, '4714007880705', 'Radio M-051 RW Blanc', 1999, 0.2, NULL, NULL, '/img/PM/P/0/97/0P_327797.gif'),
('Product', 327788, '4967523609260', 'Radio CD ZS-PS50 Noir', 8900, 0.2, NULL, NULL, '/img/PM/P/0/88/0P_327788.gif'),
('Product', 327783, '4089399111664', 'Radio CD AZ1837', 7499, 0.2, NULL, NULL, '/img/PM/P/0/83/0P_327783.gif'),
('Product', 327780, '4716678298712', 'Radio CD Dory', 4999, 0.2, NULL, NULL, '/img/PM/P/0/80/0P_327780.gif'),
('Product', 188644, '4658552760043', 'Radio CD Cars', 4999, 0.2, NULL, NULL, '/img/PM/P/0/44/0P_188644.gif'),
('Product', 327789, '4782274714957', 'Radio CD ZS-RS70BTB.CED', 19999, 0.2, NULL, NULL, '/img/PM/P/0/89/0P_327789.gif'),
('Product', 339948, '4333139994188', 'Chaîne platine HIF-1996 BT', 22999, 0.2, NULL, NULL, '/img/PM/P/0/48/0P_339948.gif'),
('Product', 327785, '4262196234792', 'Radio CD AZ3831', 9999, 0.2, NULL, NULL, '/img/PM/P/0/85/0P_327785.gif'),
('Product', 327786, '4054838374997', 'Radio CD AZ787', 10999, 0.2, NULL, NULL, '/img/PM/P/0/86/0P_327786.gif'),
('Product', 327782, '4919954103208', 'Radio CD The Avengers', 4999, 0.2, NULL, NULL, '/img/PM/P/0/82/0P_327782.gif'),
('Product', 327790, '4593564446360', 'Radio CD RCD300U', 7999, 0.2, NULL, NULL, '/img/PM/P/0/90/0P_327790.gif'),
('Product', 327820, '4076261806549', 'Radio réveil AJ6000', 4999, 0.2, NULL, NULL, '/img/PM/P/0/20/0P_327820.gif'),
('Product', 327835, '4188905412060', 'Réveil Superman', 4499, 0.2, NULL, NULL, '/img/PM/P/0/35/0P_327835.gif'),
('Product', 327808, '4964148657613', 'Radio-réveil SC 600', 1699, 0.2, NULL, NULL, '/img/PM/P/0/08/0P_327808.gif'),
('Product', 327811, '4163373661564', 'Radio réveil Dory', 2999, 0.2, NULL, NULL, '/img/PM/P/0/11/0P_327811.gif'),
('Product', 327824, '4568066005209', 'Radio réveil ICFC1PJ.CEF', 5999, 0.2, NULL, NULL, '/img/PM/P/0/24/0P_327824.gif'),
('Product', 327830, '4808448143691', 'Réveil Brique Rouge', 3499, 0.2, NULL, NULL, '/img/PM/P/0/30/0P_327830.gif'),
('Product', 327818, '4463364339869', 'Radio réveil AJ4300B/12', 3999, 0.2, NULL, NULL, '/img/PM/P/0/18/0P_327818.gif'),
('Product', 327815, '4532511228512', 'Radio réveil AJ3123', 2499, 0.2, NULL, NULL, '/img/PM/P/0/15/0P_327815.gif'),
('Product', 327834, '4747840426482', 'Réveil Soldat de l''empire', 4499, 0.2, NULL, NULL, '/img/PM/P/0/34/0P_327834.gif'),
('Product', 327823, '4266207429027', 'Radio réveil ICFC1B.CED', 2999, 0.2, NULL, NULL, '/img/PM/P/0/23/0P_327823.gif'),
('Product', 327807, '4791725210571', 'Radio-réveil SC 590', 2299, 0.2, NULL, NULL, '/img/PM/P/0/07/0P_327807.gif'),
('Product', 327817, '4120119903919', 'Radio réveil AJ3231/12', 3999, 0.2, NULL, NULL, '/img/PM/P/0/17/0P_327817.gif'),
('Product', 327814, '4050097976909', 'Radio réveil AJ1060/12', 3499, 0.2, NULL, NULL, '/img/PM/P/0/14/0P_327814.gif'),
('Product', 327806, '4292689985610', 'Radio-réveil KSC35W', 1999, 0.2, NULL, NULL, '/img/PM/P/0/06/0P_327806.gif'),
('Product', 327822, '4186245714890', 'Radio réveil AJT5300W/12', 4999, 0.2, NULL, NULL, '/img/PM/P/0/22/0P_327822.gif'),
('Product', 327810, '4775441336423', 'Radio réveil Chica Vampiro', 2999, 0.2, NULL, NULL, '/img/PM/P/0/10/0P_327810.gif'),
('Product', 327833, '4035412742482', 'Réveil Emmet', 4499, 0.2, NULL, NULL, '/img/PM/P/0/33/0P_327833.gif'),
('Product', 327837, '4308622391988', 'Réveil Yoda', 4499, 0.2, NULL, NULL, '/img/PM/P/0/37/0P_327837.gif'),
('Product', 327816, '4132837513131', 'Radio réveil AJ3200', 2999, 0.2, NULL, NULL, '/img/PM/P/0/16/0P_327816.gif');    
INSERT INTO PUBLIC.ARTICLE(DTYPE, ID, EAN, NAME, PRICE, VAT, BESTBEFORE, LOT, IMG) VALUES
('Product', 327809, '4144238725509', 'Radio réveil Avengers', 2999, 0.2, NULL, NULL, '/img/PM/P/0/09/0P_327809.gif'),
('Product', 327813, '4702186301636', 'Radio réveil veilleuse Dory', 2999, 0.2, NULL, NULL, '/img/PM/P/0/13/0P_327813.gif'),
('Product', 327805, '4043421575692', 'Radio-réveil KSC35B', 1999, 0.2, NULL, NULL, '/img/PM/P/0/05/0P_327805.gif'),
('Product', 327828, '4287855252873', 'Réveil Batman', 4499, 0.2, NULL, NULL, '/img/PM/P/0/28/0P_327828.gif'),
('Product', 327836, '4038692954435', 'Réveil The Joker', 4499, 0.2, NULL, NULL, '/img/PM/P/0/36/0P_327836.gif'),
('Product', 327832, '4129596431991', 'Réveil Dark Vador', 4499, 0.2, NULL, NULL, '/img/PM/P/0/32/0P_327832.gif'),
('Product', 327821, '4039107842236', 'Radio réveil AJ7260D', 12999, 0.2, NULL, NULL, '/img/PM/P/0/21/0P_327821.gif'),
('Product', 327831, '4642900763326', 'Réveil Brique Violette', 3499, 0.2, NULL, NULL, '/img/PM/P/0/31/0P_327831.gif'),
('Product', 327819, '4854739445854', 'Radio réveil AJ4800/12', 4999, 0.2, NULL, NULL, '/img/PM/P/0/19/0P_327819.gif'),
('Product', 339743, '4032549740730', 'Dictaphone DM-720', 15999, 0.2, NULL, NULL, '/img/PM/P/0/43/0P_339743.gif'),
('Product', 326116, '4363977537599', 'Casque arceau noir MDRZX110', 1999, 0.2, NULL, NULL, '/img/PM/P/0/16/0P_326116.gif'),
('Product', 339676, '4749697451866', 'Casque sans fil SHC8800/12', 8900, 0.2, NULL, NULL, '/img/PM/P/0/76/0P_339676.gif'),
('Product', 339666, '4485711214201', 'Casque doré', 24900, 0.2, NULL, NULL, '/img/PM/P/0/66/0P_339666.gif'),
('Product', 326100, '4247220059786', 'Casque arceau noir SHL3065', 2999, 0.2, NULL, NULL, '/img/PM/P/0/00/0P_326100.gif'),
('Product', 339665, '4302947515412', 'Casque noir', 24900, 0.2, NULL, NULL, '/img/PM/P/0/65/0P_339665.gif'),
('Product', 326121, '4275542040387', 'Casque arceau blanc MDRZX660', 5999, 0.2, NULL, NULL, '/img/PM/P/0/21/0P_326121.gif'),
('Product', 339662, '4523400923690', 'Casque arceau Monitor BT', 24900, 0.2, NULL, NULL, '/img/PM/P/0/62/0P_339662.gif'),
('Product', 326114, '4060893248366', 'Casque arceau blanc MDRZX110', 1999, 0.2, NULL, NULL, '/img/PM/P/0/14/0P_326114.gif'),
('Product', 326119, '4468925531163', 'Casque arceau noir MDRZX310', 2499, 0.2, NULL, NULL, '/img/PM/P/0/19/0P_326119.gif'),
('Product', 326099, '4158742231666', 'Casque arceau blanc SHL3065', 2999, 0.2, NULL, NULL, '/img/PM/P/0/99/0P_326099.gif'),
('Product', 339673, '4048317691627', 'Casque arceau bleu pour enfant', 1499, 0.2, NULL, NULL, '/img/PM/P/0/73/0P_339673.gif'),
('Product', 339677, '4301626536559', 'Casque noir MDRXB550', 4999, 0.2, NULL, NULL, '/img/PM/P/0/77/0P_339677.gif');              
ALTER TABLE PUBLIC.CART_ARTICLE ADD CONSTRAINT UK_NXF1OMQIX7XI33HGJNE2C60HW UNIQUE(ARTICLES_ID);        
ALTER TABLE PUBLIC.ORDERS_STATUSHISTORY ADD CONSTRAINT UK_FSXD90CC50XNDFWIQ0N4984LX UNIQUE(HISTORY_ID); 
ALTER TABLE PUBLIC.ORDERS_ARTICLE ADD CONSTRAINT FK70TYKSYW2HLUKDI9643H9NM7Q FOREIGN KEY(ORDER_ID) REFERENCES PUBLIC.ORDERS(ID);
ALTER TABLE PUBLIC.ORDERS_ARTICLE ADD CONSTRAINT FKPOPA6IYFKO5IYVXB1UXOAXJP8 FOREIGN KEY(ARTICLES_ID) REFERENCES PUBLIC.ARTICLE(ID);            
ALTER TABLE PUBLIC.CUSTOMER ADD CONSTRAINT FKSAR0M32863GEQICJXB5O8X2TF FOREIGN KEY(ACTIVECART_ID) REFERENCES PUBLIC.CART(ID);   
ALTER TABLE PUBLIC.ORDERS_STATUSHISTORY ADD CONSTRAINT FK536G459YQC5ENTAC7R72EGU33 FOREIGN KEY(ORDER_ID) REFERENCES PUBLIC.ORDERS(ID);          
ALTER TABLE PUBLIC.ARTICLE_CATEGORY ADD CONSTRAINT FK10A7PAQVE6MN1QG4W9MLVYDAA FOREIGN KEY(CATEGORIES_ID) REFERENCES PUBLIC.CATEGORY(ID);       
ALTER TABLE PUBLIC.ARTICLE_CATEGORY ADD CONSTRAINT FKE67175VBL3EWUT50437C2UJO FOREIGN KEY(ARTICLE_ID) REFERENCES PUBLIC.ARTICLE(ID);            
ALTER TABLE PUBLIC.ORDERS_STATUSHISTORY ADD CONSTRAINT FKEXR1L80H8A63GJ0PJ15MU2LTE FOREIGN KEY(HISTORY_ID) REFERENCES PUBLIC.STATUSHISTORY(ID); 
ALTER TABLE PUBLIC.CART_ARTICLE ADD CONSTRAINT FK4Y49HASH34U6U11T3KM0BFFGY FOREIGN KEY(CART_ID) REFERENCES PUBLIC.CART(ID);     
ALTER TABLE PUBLIC.ORDERS ADD CONSTRAINT FKLXVRJB6OYFJJFFP0VVUSN22UY FOREIGN KEY(CUSTOMER_ID) REFERENCES PUBLIC.CUSTOMER(ID);   
ALTER TABLE PUBLIC.CART_ARTICLE ADD CONSTRAINT FK8WBX9HEOWWXXAES6BFNUH8L99 FOREIGN KEY(ARTICLES_ID) REFERENCES PUBLIC.ARTICLE(ID);              
ALTER TABLE PUBLIC.CART ADD CONSTRAINT FKJH6LSWEIW8IPASFAGJWMMGI9U FOREIGN KEY(CUSTOMER_ID) REFERENCES PUBLIC.CUSTOMER(ID);     
